Datetime Beginning UTC,Datetime Beginning EPT,Pnode ID,Pnode Name,Voltage,Equipment,Type,Zone,System Energy Price RT,Total LMP RT,Congestion Price RT,Marginal Loss Price RT,Row Is Current,Version Number
2024-08-02T04:00:00,2024-08-02T00:00:00,1,PJM-RTO,,,ZONE,,40.400000,40.604563,0.176759,0.032805,true,1
2024-08-02T04:00:00,2024-08-02T00:00:00,3,MID-ATL/APS,,,ZONE,,40.400000,42.172054,0.822126,0.954928,true,1
2024-08-02T04:00:00,2024-08-02T00:00:00,48592,ALDENE,230 KV,T-10,LOAD,PSEG,40.400000,35.930000,-5.630000,1.160000,true,1
2024-08-02T04:00:00,2024-08-02T00:00:00,48593,ALDENE,230 KV,T-20,LOAD,PSEG,40.400000,35.930000,-5.630000,1.160000,true,1
2024-08-02T04:00:00,2024-08-02T00:00:00,48594,ATHENIA,26 KV,AB GRP,LOAD,PSEG,40.400000,37.260000,-4.740000,1.600000,true,1
2024-08-02T04:00:00,2024-08-02T00:00:00,48595,ATHENIA,26 KV,OU GRP,LOAD,PSEG,40.400000,37.240000,-4.740000,1.580000,true,1
2024-08-02T04:00:00,2024-08-02T00:00:00,48596,ATHENIA,26 KV,IM GRP,LOAD,PSEG,40.400000,37.260000,-4.740000,1.600000,true,1
2024-08-02T04:00:00,2024-08-02T00:00:00,48603,BELLEVIL,230 KV,26KV,LOAD,PSEG,40.400000,36.730000,-5.100000,1.440000,true,1
2024-08-02T04:00:00,2024-08-02T00:00:00,48604,BELLEVIL,230 KV,26KV-2,LOAD,PSEG,40.400000,36.730000,-5.100000,1.440000,true,1
2024-08-02T04:00:00,2024-08-02T00:00:00,48605,BENNETTS,230 KV,13KV,LOAD,PSEG,40.400000,34.830000,-6.390000,0.830000,true,1
2024-08-02T04:00:00,2024-08-02T00:00:00,48606,BENNETTS,230 KV,13KV-2,LOAD,PSEG,40.400000,34.860000,-6.390000,0.850000,true,1
2024-08-02T04:00:00,2024-08-02T00:00:00,48612,BRIDGEWA,230 KV,26KV,LOAD,PSEG,40.400000,34.590000,-6.690000,0.880000,true,1
2024-08-02T04:00:00,2024-08-02T00:00:00,48613,BRIDGEWA,230 KV,26KV-2,LOAD,PSEG,40.400000,34.590000,-6.690000,0.880000,true,1
2024-08-02T04:00:00,2024-08-02T00:00:00,48614,BRIDGEWA,230 KV,13KV,LOAD,PSEG,40.400000,34.590000,-6.690000,0.880000,true,1
2024-08-02T04:00:00,2024-08-02T00:00:00,48615,BRIDGEWA,230 KV,13KV-2,LOAD,PSEG,40.400000,34.590000,-6.690000,0.880000,true,1
2024-08-02T04:00:00,2024-08-02T00:00:00,48621,CLIF PS,230 KV,T-1,LOAD,PSEG,40.400000,36.800000,-5.030000,1.430000,true,1
2024-08-02T04:00:00,2024-08-02T00:00:00,48622,CLIF PS,230 KV,T-2,LOAD,PSEG,40.400000,36.790000,-5.030000,1.420000,true,1
2024-08-02T04:00:00,2024-08-02T00:00:00,48643,FOUNDRY,138 KV,T-1,LOAD,PSEG,40.400000,36.560000,-5.180000,1.340000,true,1
2024-08-02T04:00:00,2024-08-02T00:00:00,48644,FOUNDRY,138 KV,T-2,LOAD,PSEG,40.400000,36.560000,-5.180000,1.340000,true,1
2024-08-02T04:00:00,2024-08-02T00:00:00,48645,GREENBRO,230 KV,T-1,LOAD,PSEG,40.400000,34.900000,-6.490000,1.000000,true,1
2024-08-02T04:00:00,2024-08-02T00:00:00,48646,GREENBRO,230 KV,T-2,LOAD,PSEG,40.400000,34.800000,-6.580000,0.990000,true,1
2024-08-02T04:00:00,2024-08-02T00:00:00,48647,HAWTHORN,230 KV,T-20,LOAD,PSEG,40.400000,37.480000,-4.350000,1.440000,true,1
2024-08-02T04:00:00,2024-08-02T00:00:00,48648,HILLSDAL,230 KV,T-1,LOAD,PSEG,40.400000,37.530000,-4.400000,1.540000,true,1
2024-08-02T04:00:00,2024-08-02T00:00:00,48649,HILLSDAL,230 KV,T-2,LOAD,PSEG,40.400000,37.530000,-4.400000,1.540000,true,1
2024-08-02T04:00:00,2024-08-02T00:00:00,48652,HOBOKEN,230 KV,T-1AB,LOAD,PSEG,40.400000,36.710000,-5.150000,1.460000,true,1
2024-08-02T04:00:00,2024-08-02T00:00:00,48653,HOBOKEN,230 KV,T-2AB,LOAD,PSEG,40.400000,36.710000,-5.150000,1.460000,true,1
2024-08-02T04:00:00,2024-08-02T00:00:00,48660,KILMER,230 KV,T-1,LOAD,PSEG,40.400000,34.910000,-6.480000,0.990000,true,1
2024-08-02T04:00:00,2024-08-02T00:00:00,48661,KILMER,230 KV,T-2,LOAD,PSEG,40.400000,34.830000,-6.560000,0.990000,true,1
2024-08-02T04:00:00,2024-08-02T00:00:00,48662,KILMER,230 KV,T-3,LOAD,PSEG,40.400000,34.910000,-6.480000,0.990000,true,1
2024-08-02T04:00:00,2024-08-02T00:00:00,48663,KILMER,230 KV,T-4,LOAD,PSEG,40.400000,34.830000,-6.560000,0.990000,true,1
2024-08-02T04:00:00,2024-08-02T00:00:00,48665,KINGSLAN,230 KV,T-1,LOAD,PSEG,40.400000,36.660000,-5.150000,1.410000,true,1
2024-08-02T04:00:00,2024-08-02T00:00:00,48676,LEONIA,230 KV,T-1,LOAD,PSEG,40.400000,37.000000,-4.930000,1.540000,true,1
2024-08-02T04:00:00,2024-08-02T00:00:00,48677,LEONIA,230 KV,T-3,LOAD,PSEG,40.400000,37.000000,-4.930000,1.540000,true,1
2024-08-02T04:00:00,2024-08-02T00:00:00,48681,LAKENELS,230 KV,T-1,LOAD,PSEG,40.400000,34.900000,-6.490000,1.000000,true,1
2024-08-02T04:00:00,2024-08-02T00:00:00,48682,LAKENELS,230 KV,T-2,LOAD,PSEG,40.400000,34.810000,-6.570000,0.990000,true,1
2024-08-02T04:00:00,2024-08-02T00:00:00,48687,MINUEST,230 KV,T-1,LOAD,PSEG,40.400000,35.940000,-5.450000,1.000000,true,1
2024-08-02T04:00:00,2024-08-02T00:00:00,48688,MINUEST,230 KV,T-2,LOAD,PSEG,40.400000,36.160000,-5.270000,1.030000,true,1
2024-08-02T04:00:00,2024-08-02T00:00:00,48707,NEWP PS,230 KV,T-1,LOAD,PSEG,40.400000,36.680000,-5.160000,1.450000,true,1
2024-08-02T04:00:00,2024-08-02T00:00:00,48708,NEWP PS,230 KV,T-2,LOAD,PSEG,40.400000,36.680000,-5.160000,1.450000,true,1
2024-08-02T04:00:00,2024-08-02T00:00:00,48714,NBERGEN,230 KV,T-1,LOAD,PSEG,40.400000,36.850000,-5.050000,1.510000,true,1
2024-08-02T04:00:00,2024-08-02T00:00:00,48715,PENHORN,230 KV,T-1,LOAD,PSEG,40.400000,36.710000,-5.130000,1.450000,true,1
2024-08-02T04:00:00,2024-08-02T00:00:00,48716,PENHORN,230 KV,T-2,LOAD,PSEG,40.400000,36.660000,-5.170000,1.430000,true,1
2024-08-02T04:00:00,2024-08-02T00:00:00,48717,PIERSOAV,230 KV,T-1,LOAD,PSEG,40.400000,35.430000,-5.900000,0.940000,true,1
2024-08-02T04:00:00,2024-08-02T00:00:00,48718,PIERSOAV,230 KV,T-2,LOAD,PSEG,40.400000,35.440000,-5.890000,0.940000,true,1
2024-08-02T04:00:00,2024-08-02T00:00:00,48725,SEWAREN,26 KV,26KV,LOAD,PSEG,40.400000,35.610000,-5.730000,0.950000,true,1
2024-08-02T04:00:00,2024-08-02T00:00:00,48727,SOMERVIL,230 KV,T-1,LOAD,PSEG,40.400000,34.520000,-6.710000,0.840000,true,1
2024-08-02T04:00:00,2024-08-02T00:00:00,48728,SOMERVIL,230 KV,T-2,LOAD,PSEG,40.400000,34.520000,-6.710000,0.840000,true,1
2024-08-02T04:00:00,2024-08-02T00:00:00,48744,WALDWICK,230 KV,T-10,LOAD,PSEG,40.400000,37.710000,-4.130000,1.440000,true,1
2024-08-02T04:00:00,2024-08-02T00:00:00,48745,WALDWICK,230 KV,T-20,LOAD,PSEG,40.400000,38.740000,-2.970000,1.310000,true,1
2024-08-02T04:00:00,2024-08-02T00:00:00,48747,WARINANC,230 KV,T-1,LOAD,PSEG,40.400000,36.150000,-5.400000,1.150000,true,1
2024-08-02T04:00:00,2024-08-02T00:00:00,48748,WARINANC,230 KV,T-2,LOAD,PSEG,40.400000,36.150000,-5.400000,1.150000,true,1
2024-08-02T04:00:00,2024-08-02T00:00:00,48751,BEAVERBR,230 KV,T-1,LOAD,PSEG,40.400000,35.750000,-5.450000,0.810000,true,1
2024-08-02T04:00:00,2024-08-02T00:00:00,48752,BEAVERBR,230 KV,T-2,LOAD,PSEG,40.400000,35.750000,-5.450000,0.810000,true,1
2024-08-02T04:00:00,2024-08-02T00:00:00,48765,CLARKSVI,230 KV,T-1,LOAD,PSEG,40.400000,34.990000,-6.300000,0.900000,true,1
2024-08-02T04:00:00,2024-08-02T00:00:00,48766,CLARKSVI,230 KV,T-2,LOAD,PSEG,40.400000,34.990000,-6.300000,0.900000,true,1
2024-08-02T04:00:00,2024-08-02T00:00:00,48773,DEPTFORD,230 KV,T-1,LOAD,PSEG,40.400000,35.830000,-5.400000,0.830000,true,1
2024-08-02T04:00:00,2024-08-02T00:00:00,48774,DEPTFORD,230 KV,T-2,LOAD,PSEG,40.400000,35.830000,-5.400000,0.830000,true,1
2024-08-02T04:00:00,2024-08-02T00:00:00,48780,HOPECREE,500 KV,SLP_1 NC,LOAD,PSEG,40.400000,35.500000,-5.050000,0.160000,true,1
2024-08-02T04:00:00,2024-08-02T00:00:00,48781,HOPECREE,500 KV,SLP_2 NC,LOAD,PSEG,40.400000,35.500000,-5.050000,0.160000,true,1
2024-08-02T04:00:00,2024-08-02T00:00:00,48782,HOPECREE,500 KV,SLP_3 NC,LOAD,PSEG,40.400000,35.500000,-5.050000,0.160000,true,1
2024-08-02T04:00:00,2024-08-02T00:00:00,48783,HOPECREE,500 KV,SLP_4 NC,LOAD,PSEG,40.400000,35.500000,-5.050000,0.160000,true,1
2024-08-02T04:00:00,2024-08-02T00:00:00,48784,KUSERRD,230 KV,T-1,LOAD,PSEG,40.400000,35.260000,-6.070000,0.940000,true,1
2024-08-02T04:00:00,2024-08-02T00:00:00,48785,KUSERRD,230 KV,T-2,LOAD,PSEG,40.400000,35.180000,-6.150000,0.940000,true,1
2024-08-02T04:00:00,2024-08-02T00:00:00,48786,KUSERRD,230 KV,T-3,LOAD,PSEG,40.400000,35.260000,-6.070000,0.940000,true,1
2024-08-02T04:00:00,2024-08-02T00:00:00,48787,KUSERRD,230 KV,T-4,LOAD,PSEG,40.400000,35.180000,-6.150000,0.940000,true,1
2024-08-02T04:00:00,2024-08-02T00:00:00,48792,LAWRESUB,230 KV,T-10,LOAD,PSEG,40.400000,35.040000,-6.290000,0.930000,true,1
2024-08-02T04:00:00,2024-08-02T00:00:00,48793,LAWRESUB,230 KV,T-30,LOAD,PSEG,40.400000,35.040000,-6.290000,0.930000,true,1
2024-08-02T04:00:00,2024-08-02T00:00:00,48794,LAWRESUB,230 KV,T-20,LOAD,PSEG,40.400000,35.040000,-6.290000,0.930000,true,1
2024-08-02T04:00:00,2024-08-02T00:00:00,48795,LAWRESUB,230 KV,T-40,LOAD,PSEG,40.400000,35.040000,-6.290000,0.930000,true,1
2024-08-02T04:00:00,2024-08-02T00:00:00,48800,LUMBERTO,230 KV,T-1,LOAD,PSEG,40.400000,35.660000,-5.610000,0.870000,true,1
2024-08-02T04:00:00,2024-08-02T00:00:00,48801,LUMBERTO,230 KV,T-2,LOAD,PSEG,40.400000,35.660000,-5.610000,0.870000,true,1
2024-08-02T04:00:00,2024-08-02T00:00:00,48802,MARLTON,230 KV,T-1,LOAD,PSEG,40.400000,35.600000,-5.550000,0.760000,true,1
2024-08-02T04:00:00,2024-08-02T00:00:00,48803,MARLTON,230 KV,T-2,LOAD,PSEG,40.400000,35.610000,-5.550000,0.760000,true,1
2024-08-02T04:00:00,2024-08-02T00:00:00,48804,MARLTON,230 KV,T-3,LOAD,PSEG,40.400000,35.600000,-5.550000,0.760000,true,1
2024-08-02T04:00:00,2024-08-02T00:00:00,48805,MARLTON,230 KV,T-4,LOAD,PSEG,40.400000,35.610000,-5.550000,0.760000,true,1
2024-08-02T04:00:00,2024-08-02T00:00:00,48806,MERCER,230 KV,#1 SP,LOAD,PSEG,40.400000,35.230000,-6.100000,0.930000,true,1
2024-08-02T04:00:00,2024-08-02T00:00:00,48807,MERCER,230 KV,#2 SP,LOAD,PSEG,40.400000,35.230000,-6.100000,0.930000,true,1
2024-08-02T04:00:00,2024-08-02T00:00:00,48808,MTLAUREL,230 KV,T-1,LOAD,PSEG,40.400000,35.620000,-5.600000,0.820000,true,1
2024-08-02T04:00:00,2024-08-02T00:00:00,48809,MTLAUREL,230 KV,T-2,LOAD,PSEG,40.400000,35.660000,-5.570000,0.840000,true,1
2024-08-02T04:00:00,2024-08-02T00:00:00,48813,THOROFAR,230 KV,T-1,LOAD,PSEG,40.400000,35.840000,-5.350000,0.790000,true,1
2024-08-02T04:00:00,2024-08-02T00:00:00,48814,THOROFAR,230 KV,T-2,LOAD,PSEG,40.400000,35.830000,-5.340000,0.780000,true,1
2024-08-02T04:00:00,2024-08-02T00:00:00,48819,ANGORA,13 KV,1BUS,LOAD,PECO,40.400000,36.980000,-4.760000,1.350000,true,1
2024-08-02T04:00:00,2024-08-02T00:00:00,48820,ANGORA,13 KV,2BUS,LOAD,PECO,40.400000,36.980000,-4.760000,1.350000,true,1
2024-08-02T04:00:00,2024-08-02T00:00:00,48821,BALA,13 KV,LD1,LOAD,PECO,40.400000,35.920000,-5.230000,0.760000,true,1
2024-08-02T04:00:00,2024-08-02T00:00:00,48822,BALA,13 KV,LD2,LOAD,PECO,40.400000,35.920000,-5.230000,0.760000,true,1
2024-08-02T04:00:00,2024-08-02T00:00:00,48823,BARBADOS,35 KV,ABU2,LOAD,PECO,40.400000,35.350000,-5.340000,0.300000,true,1
2024-08-02T04:00:00,2024-08-02T00:00:00,48824,BARBADOS,35 KV,ABU8,LOAD,PECO,40.400000,35.520000,-5.310000,0.440000,true,1
2024-08-02T04:00:00,2024-08-02T00:00:00,48832,BRADFORD,35 KV,KBUS,LOAD,PECO,40.400000,39.690000,-1.420000,0.710000,true,1
2024-08-02T04:00:00,2024-08-02T00:00:00,48833,BRADFORD,230 KV,CTVS1,LOAD,PECO,40.400000,39.690000,-1.420000,0.710000,true,1
2024-08-02T04:00:00,2024-08-02T00:00:00,48840,BUCKINGH,35 KV,2 TR,LOAD,PECO,40.400000,34.840000,-6.260000,0.710000,true,1
2024-08-02T04:00:00,2024-08-02T00:00:00,48841,BUCKINGH,35 KV,3 TR,LOAD,PECO,40.400000,34.840000,-6.260000,0.710000,true,1
2024-08-02T04:00:00,2024-08-02T00:00:00,48842,BUCKINGH,35 KV,4 TR,LOAD,PECO,40.400000,34.840000,-6.260000,0.710000,true,1
2024-08-02T04:00:00,2024-08-02T00:00:00,48843,BUCKINGH,35 KV,5 TR,LOAD,PECO,40.400000,34.840000,-6.260000,0.710000,true,1
2024-08-02T04:00:00,2024-08-02T00:00:00,48847,BYBERRY,13 KV,21BUS,LOAD,PECO,40.400000,35.480000,-5.800000,0.880000,true,1
2024-08-02T04:00:00,2024-08-02T00:00:00,48848,BYBERRY,13 KV,1BUS,LOAD,PECO,40.400000,35.480000,-5.800000,0.880000,true,1
2024-08-02T04:00:00,2024-08-02T00:00:00,48849,BYBERRY,13 KV,7BUS,LOAD,PECO,40.400000,35.480000,-5.800000,0.880000,true,1
2024-08-02T04:00:00,2024-08-02T00:00:00,48850,BYBERRY,13 KV,9BUS,LOAD,PECO,40.400000,35.480000,-5.800000,0.880000,true,1
2024-08-02T04:00:00,2024-08-02T00:00:00,48851,BYBERRY,35 KV,KBUS,LOAD,PECO,40.400000,35.350000,-5.860000,0.810000,true,1
2024-08-02T04:00:00,2024-08-02T00:00:00,48852,CALLOWHI,13 KV,1BUS,LOAD,PECO,40.400000,36.190000,-5.180000,0.980000,true,1
2024-08-02T04:00:00,2024-08-02T00:00:00,48853,CALLOWHI,13 KV,4BUS,LOAD,PECO,40.400000,36.200000,-5.180000,0.980000,true,1
2024-08-02T04:00:00,2024-08-02T00:00:00,48854,CALLOWHI,13 KV,7BUS,LOAD,PECO,40.400000,36.190000,-5.180000,0.980000,true,1
2024-08-02T04:00:00,2024-08-02T00:00:00,48855,CEDARBRO,13 KV,NBU3,LOAD,PECO,40.400000,36.210000,-5.440000,1.250000,true,1
2024-08-02T04:00:00,2024-08-02T00:00:00,48856,CEDARBRO,13 KV,NBU1,LOAD,PECO,40.400000,36.210000,-5.440000,1.250000,true,1
2024-08-02T04:00:00,2024-08-02T00:00:00,48857,CEDARBRO,13 KV,NBU2,LOAD,PECO,40.400000,36.210000,-5.440000,1.250000,true,1
2024-08-02T04:00:00,2024-08-02T00:00:00,48858,CEDARBRO,13 KV,NBU4,LOAD,PECO,40.400000,36.210000,-5.440000,1.250000,true,1
2024-08-02T04:00:00,2024-08-02T00:00:00,48862,CHICHEST,230 KV,DBU1,LOAD,PECO,40.400000,37.010000,-3.980000,0.590000,true,1
2024-08-02T04:00:00,2024-08-02T00:00:00,48863,CHICHEST,230 KV,DBU2,LOAD,PECO,40.400000,37.010000,-3.980000,0.590000,true,1
2024-08-02T04:00:00,2024-08-02T00:00:00,48865,COCHRNVL,230 KV,1TR,LOAD,PECO,40.400000,38.300000,-2.500000,0.400000,true,1
2024-08-02T04:00:00,2024-08-02T00:00:00,48867,CROMBY,35 KV,1BUS,LOAD,PECO,40.400000,34.540000,-5.990000,0.140000,true,1
2024-08-02T04:00:00,2024-08-02T00:00:00,48868,CROMBY,35 KV,3BUS,LOAD,PECO,40.400000,34.540000,-5.990000,0.140000,true,1
2024-08-02T04:00:00,2024-08-02T00:00:00,48870,CROMBY,35 KV,2BUS,LOAD,PECO,40.400000,34.540000,-5.990000,0.140000,true,1
2024-08-02T04:00:00,2024-08-02T00:00:00,48873,CROYDON,13 KV,LD1,LOAD,PECO,40.400000,35.420000,-5.680000,0.710000,true,1
2024-08-02T04:00:00,2024-08-02T00:00:00,48874,CROYDON,13 KV,LD2,LOAD,PECO,40.400000,35.420000,-5.680000,0.710000,true,1
2024-08-02T04:00:00,2024-08-02T00:00:00,48880,DALESVIL,230 KV,1TR,LOAD,PECO,40.400000,45.780000,4.430000,0.950000,true,1
2024-08-02T04:00:00,2024-08-02T00:00:00,48881,DALESVIL,230 KV,2TR,LOAD,PECO,40.400000,45.780000,4.430000,0.950000,true,1
2024-08-02T04:00:00,2024-08-02T00:00:00,48884,EDDINGTO,13 KV,6BUS,LOAD,PECO,40.400000,35.540000,-5.650000,0.790000,true,1
2024-08-02T04:00:00,2024-08-02T00:00:00,48885,EDDINGTO,13 KV,4BUS,LOAD,PECO,40.400000,35.540000,-5.650000,0.790000,true,1
2024-08-02T04:00:00,2024-08-02T00:00:00,48886,EDDYSTON,69 KV,IBUS,LOAD,PECO,40.400000,36.760000,-4.330000,0.700000,true,1
2024-08-02T04:00:00,2024-08-02T00:00:00,48894,EMILIE,13 KV,131BUS,LOAD,PECO,40.400000,35.290000,-5.700000,0.600000,true,1
2024-08-02T04:00:00,2024-08-02T00:00:00,48895,EMILIE,13 KV,132BUS,LOAD,PECO,40.400000,35.290000,-5.700000,0.600000,true,1
2024-08-02T04:00:00,2024-08-02T00:00:00,48896,EMILIE,35 KV,1BUS,LOAD,PECO,40.400000,35.250000,-5.720000,0.570000,true,1
2024-08-02T04:00:00,2024-08-02T00:00:00,48897,EMILIE,35 KV,2BUS,LOAD,PECO,40.400000,35.270000,-5.710000,0.580000,true,1
2024-08-02T04:00:00,2024-08-02T00:00:00,48898,FALLS,35 KV,BU1K,LOAD,PECO,40.400000,35.530000,-5.810000,0.940000,true,1
2024-08-02T04:00:00,2024-08-02T00:00:00,48899,FALLS,35 KV,BU12,LOAD,PECO,40.400000,35.530000,-5.810000,0.940000,true,1
2024-08-02T04:00:00,2024-08-02T00:00:00,48900,FLINT,13 KV,2BUS,LOAD,PECO,40.400000,35.800000,-5.120000,0.530000,true,1
2024-08-02T04:00:00,2024-08-02T00:00:00,48901,FLINT,13 KV,3BUS,LOAD,PECO,40.400000,35.800000,-5.120000,0.530000,true,1
2024-08-02T04:00:00,2024-08-02T00:00:00,48902,FOULK,13 KV,NBU1,LOAD,PECO,40.400000,37.420000,-3.620000,0.640000,true,1
2024-08-02T04:00:00,2024-08-02T00:00:00,48903,FOULK,13 KV,NBU2,LOAD,PECO,40.400000,37.420000,-3.620000,0.640000,true,1
2024-08-02T04:00:00,2024-08-02T00:00:00,48904,FOXCHASE,13 KV,NBU4,LOAD,PECO,40.400000,35.910000,-5.580000,1.100000,true,1
2024-08-02T04:00:00,2024-08-02T00:00:00,48905,FOXCHASE,13 KV,NBU6,LOAD,PECO,40.400000,35.910000,-5.580000,1.100000,true,1
2024-08-02T04:00:00,2024-08-02T00:00:00,48907,GOSHEN,35 KV,BUS1,LOAD,PECO,40.400000,38.220000,-3.500000,1.320000,true,1
2024-08-02T04:00:00,2024-08-02T00:00:00,48908,GOSHEN,35 KV,BUS2,LOAD,PECO,40.400000,38.210000,-3.500000,1.320000,true,1
2024-08-02T04:00:00,2024-08-02T00:00:00,48912,GRAYFR_1,13 KV,AUX,LOAD,PECO,40.400000,36.530000,-4.730000,0.860000,true,1
2024-08-02T04:00:00,2024-08-02T00:00:00,48913,HEATON,35 KV,K1BU,LOAD,PECO,40.400000,35.230000,-5.990000,0.820000,true,1
2024-08-02T04:00:00,2024-08-02T00:00:00,48914,HEATON,35 KV,K2BU,LOAD,PECO,40.400000,35.230000,-5.990000,0.820000,true,1
2024-08-02T04:00:00,2024-08-02T00:00:00,48920,ISLANDRD,13 KV,1BUS,LOAD,PECO,40.400000,36.640000,-4.730000,0.980000,true,1
2024-08-02T04:00:00,2024-08-02T00:00:00,48921,ISLANDRD,13 KV,2BUS,LOAD,PECO,40.400000,36.640000,-4.730000,0.980000,true,1
2024-08-02T04:00:00,2024-08-02T00:00:00,48922,ISLANDRD,13 KV,3BUS,LOAD,PECO,40.400000,36.640000,-4.730000,0.980000,true,1
2024-08-02T04:00:00,2024-08-02T00:00:00,48923,ISLANDRD,13 KV,4BUS,LOAD,PECO,40.400000,36.640000,-4.730000,0.980000,true,1
2024-08-02T04:00:00,2024-08-02T00:00:00,48924,ISLANDRD,13 KV,7BUS,LOAD,PECO,40.400000,36.720000,-4.510000,0.830000,true,1
2024-08-02T04:00:00,2024-08-02T00:00:00,48925,ISLANDRD,13 KV,8BUS,LOAD,PECO,40.400000,36.720000,-4.510000,0.830000,true,1
2024-08-02T04:00:00,2024-08-02T00:00:00,48926,JARRET,13 KV,1BUS,LOAD,PECO,40.400000,34.780000,-6.200000,0.580000,true,1
2024-08-02T04:00:00,2024-08-02T00:00:00,48927,JARRET,13 KV,2BUS,LOAD,PECO,40.400000,34.780000,-6.200000,0.580000,true,1
2024-08-02T04:00:00,2024-08-02T00:00:00,48928,JENKINTO,13 KV,13BUS,LOAD,PECO,40.400000,35.290000,-5.750000,0.640000,true,1
2024-08-02T04:00:00,2024-08-02T00:00:00,48929,JENKINTO,13 KV,12BUS,LOAD,PECO,40.400000,35.290000,-5.750000,0.640000,true,1
2024-08-02T04:00:00,2024-08-02T00:00:00,48930,JENKINTO,13 KV,11BUS,LOAD,PECO,40.400000,35.290000,-5.750000,0.640000,true,1
2024-08-02T04:00:00,2024-08-02T00:00:00,48934,JENNERVL,230 KV,1TR,LOAD,PECO,40.400000,44.980000,3.610000,0.970000,true,1
2024-08-02T04:00:00,2024-08-02T00:00:00,48940,LINTON,35 KV,KBU2,LOAD,PECO,40.400000,35.010000,-6.170000,0.780000,true,1
2024-08-02T04:00:00,2024-08-02T00:00:00,48941,LINTON,35 KV,KBU3,LOAD,PECO,40.400000,35.010000,-6.170000,0.780000,true,1
2024-08-02T04:00:00,2024-08-02T00:00:00,48942,LLANERCH,35 KV,1BUS,LOAD,PECO,40.400000,36.790000,-4.790000,1.190000,true,1
2024-08-02T04:00:00,2024-08-02T00:00:00,48943,LLANERCH,35 KV,2BUS,LOAD,PECO,40.400000,36.790000,-4.790000,1.190000,true,1
2024-08-02T04:00:00,2024-08-02T00:00:00,48944,LLANERCH,35 KV,3BUS,LOAD,PECO,40.400000,36.790000,-4.790000,1.190000,true,1
2024-08-02T04:00:00,2024-08-02T00:00:00,48947,LOMBARD,13 KV,NBU2,LOAD,PECO,40.400000,36.610000,-4.780000,0.990000,true,1
2024-08-02T04:00:00,2024-08-02T00:00:00,48948,LOMBARD,13 KV,NBU3,LOAD,PECO,40.400000,36.610000,-4.780000,0.990000,true,1
2024-08-02T04:00:00,2024-08-02T00:00:00,48949,LOMBARD,13 KV,NBU9,LOAD,PECO,40.400000,36.610000,-4.780000,0.990000,true,1
2024-08-02T04:00:00,2024-08-02T00:00:00,48950,LOMBARD,13 KV,NB12,LOAD,PECO,40.400000,36.610000,-4.780000,0.990000,true,1
2024-08-02T04:00:00,2024-08-02T00:00:00,48951,LOMBARD,13 KV,NBU1,LOAD,PECO,40.400000,36.610000,-4.780000,0.990000,true,1
2024-08-02T04:00:00,2024-08-02T00:00:00,48952,LOMBARD,13 KV,NB10,LOAD,PECO,40.400000,36.610000,-4.780000,0.990000,true,1
2024-08-02T04:00:00,2024-08-02T00:00:00,48953,LOMBARD,13 KV,NB11,LOAD,PECO,40.400000,36.610000,-4.780000,0.990000,true,1
2024-08-02T04:00:00,2024-08-02T00:00:00,48954,MARCUSHO,13 KV,BS1,LOAD,PECO,40.400000,36.810000,-4.240000,0.650000,true,1
2024-08-02T04:00:00,2024-08-02T00:00:00,48955,MACDADE,13 KV,1BUS,LOAD,PECO,40.400000,36.850000,-4.350000,0.810000,true,1
2024-08-02T04:00:00,2024-08-02T00:00:00,48956,MACDADE,13 KV,2BUS,LOAD,PECO,40.400000,36.850000,-4.350000,0.810000,true,1
2024-08-02T04:00:00,2024-08-02T00:00:00,48957,MACDADE,13 KV,3BUS,LOAD,PECO,40.400000,36.850000,-4.350000,0.810000,true,1
2024-08-02T04:00:00,2024-08-02T00:00:00,48959,MIDD PE,13 KV,13-1LOAD,LOAD,PECO,40.400000,37.100000,-4.070000,0.780000,true,1
2024-08-02T04:00:00,2024-08-02T00:00:00,48960,MIDD PE,13 KV,13-2LOAD,LOAD,PECO,40.400000,37.100000,-4.070000,0.780000,true,1
2024-08-02T04:00:00,2024-08-02T00:00:00,48961,MIDD PE,35 KV,BUS1,LOAD,PECO,40.400000,37.020000,-4.190000,0.810000,true,1
2024-08-02T04:00:00,2024-08-02T00:00:00,48966,MORTON,13 KV,1BUS,LOAD,PECO,40.400000,36.980000,-4.200000,0.780000,true,1
2024-08-02T04:00:00,2024-08-02T00:00:00,48968,NPHILADE,13 KV,BUS1,LOAD,PECO,40.400000,36.310000,-5.340000,1.260000,true,1
2024-08-02T04:00:00,2024-08-02T00:00:00,48970,NESHAMIN,138 KV,BU2F,LOAD,PECO,40.400000,35.380000,-5.770000,0.760000,true,1
2024-08-02T04:00:00,2024-08-02T00:00:00,48971,NESHAMIN,138 KV,BU3F,LOAD,PECO,40.400000,35.380000,-5.770000,0.760000,true,1
2024-08-02T04:00:00,2024-08-02T00:00:00,48972,NEWLINVI,35 KV,BUSK,LOAD,PECO,40.400000,39.160000,-1.830000,0.600000,true,1
2024-08-02T04:00:00,2024-08-02T00:00:00,48973,NEWLINVI,230 KV,BUSD,LOAD,PECO,40.400000,39.140000,-1.830000,0.570000,true,1
2024-08-02T04:00:00,2024-08-02T00:00:00,48974,NOTTINGH,35 KV,BUSK,LOAD,PECO,40.400000,50.260000,8.780000,1.090000,true,1
2024-08-02T04:00:00,2024-08-02T00:00:00,48976,PACKER,69 KV,LD1,LOAD,PECO,40.400000,36.720000,-4.790000,1.110000,true,1
2024-08-02T04:00:00,2024-08-02T00:00:00,48977,PACKER,69 KV,LD2,LOAD,PECO,40.400000,36.720000,-4.790000,1.110000,true,1
2024-08-02T04:00:00,2024-08-02T00:00:00,48978,PARRISH,13 KV,2BUS,LOAD,PECO,40.400000,36.220000,-5.060000,0.890000,true,1
2024-08-02T04:00:00,2024-08-02T00:00:00,48979,PARRISH,13 KV,1BUS,LOAD,PECO,40.400000,36.220000,-5.060000,0.890000,true,1
2024-08-02T04:00:00,2024-08-02T00:00:00,48980,PARRISH,13 KV,3BUS,LOAD,PECO,40.400000,36.220000,-5.060000,0.890000,true,1
2024-08-02T04:00:00,2024-08-02T00:00:00,48981,PASSYUNK,13 KV,3BUS,LOAD,PECO,40.400000,36.610000,-4.790000,1.000000,true,1
2024-08-02T04:00:00,2024-08-02T00:00:00,48982,PASSYUNK,13 KV,6BUS,LOAD,PECO,40.400000,36.610000,-4.790000,1.000000,true,1
2024-08-02T04:00:00,2024-08-02T00:00:00,48984,PENCOYD,13 KV,1TR,LOAD,PECO,40.400000,36.110000,-5.300000,1.010000,true,1
2024-08-02T04:00:00,2024-08-02T00:00:00,48985,PENCOYD,13 KV,2TR,LOAD,PECO,40.400000,36.110000,-5.300000,1.010000,true,1
2024-08-02T04:00:00,2024-08-02T00:00:00,48986,PENCOYD,13 KV,3TR,LOAD,PECO,40.400000,36.110000,-5.300000,1.010000,true,1
2024-08-02T04:00:00,2024-08-02T00:00:00,48987,PENCOYD,13 KV,4TR,LOAD,PECO,40.400000,36.100000,-5.300000,1.000000,true,1
2024-08-02T04:00:00,2024-08-02T00:00:00,48988,PENN,69 KV,1BUS,LOAD,PECO,40.400000,36.660000,-4.770000,1.040000,true,1
2024-08-02T04:00:00,2024-08-02T00:00:00,48990,PERKIOME,35 KV,BU4K,LOAD,PECO,40.400000,34.350000,-6.300000,0.260000,true,1
2024-08-02T04:00:00,2024-08-02T00:00:00,48991,PERKIOME,35 KV,BU5K,LOAD,PECO,40.400000,34.350000,-6.300000,0.260000,true,1
2024-08-02T04:00:00,2024-08-02T00:00:00,48992,PERKIOME,35 KV,BU6K,LOAD,PECO,40.400000,34.350000,-6.300000,0.260000,true,1
2024-08-02T04:00:00,2024-08-02T00:00:00,48993,PLANEBRO,35 KV,1BUS,LOAD,PECO,40.400000,38.500000,-2.650000,0.750000,true,1
2024-08-02T04:00:00,2024-08-02T00:00:00,48994,PLANEBRO,35 KV,2BUS,LOAD,PECO,40.400000,38.490000,-2.650000,0.740000,true,1
2024-08-02T04:00:00,2024-08-02T00:00:00,48995,PLANEBRO,35 KV,3BUS,LOAD,PECO,40.400000,38.500000,-2.650000,0.750000,true,1
2024-08-02T04:00:00,2024-08-02T00:00:00,49001,PULASKI,13 KV,LD 1TR,LOAD,PECO,40.400000,35.720000,-5.500000,0.820000,true,1
2024-08-02T04:00:00,2024-08-02T00:00:00,49002,PULASKI,13 KV,LD 3TR,LOAD,PECO,40.400000,35.720000,-5.500000,0.820000,true,1
2024-08-02T04:00:00,2024-08-02T00:00:00,49008,ROXBOROU,13 KV,4BUS,LOAD,PECO,40.400000,35.930000,-5.380000,0.920000,true,1
2024-08-02T04:00:00,2024-08-02T00:00:00,49009,ROXBOROU,13 KV,5BUS,LOAD,PECO,40.400000,35.930000,-5.380000,0.920000,true,1
2024-08-02T04:00:00,2024-08-02T00:00:00,49010,ROXBOROU,13 KV,6BUS,LOAD,PECO,40.400000,35.930000,-5.380000,0.920000,true,1
2024-08-02T04:00:00,2024-08-02T00:00:00,49011,SAVILLE,138 KV,7BUS,LOAD,PECO,40.400000,36.820000,-4.300000,0.730000,true,1
2024-08-02T04:00:00,2024-08-02T00:00:00,49012,SAVILLE,138 KV,9BUS,LOAD,PECO,40.400000,36.820000,-4.300000,0.730000,true,1
2024-08-02T04:00:00,2024-08-02T00:00:00,49017,SCOTTPAP,13 KV,NBUS,LOAD,PECO,40.400000,36.800000,-4.290000,0.690000,true,1
2024-08-02T04:00:00,2024-08-02T00:00:00,49021,TABOR,13 KV,DBU1,LOAD,PECO,40.400000,35.610000,-5.600000,0.810000,true,1
