Evaluated At UTC,Evaluated At EPT,Datetime Beginning UTC,Datetime Beginning EPT,Datetime Ending UTC,Datetime Ending EPT,Solar Forecast MWH,Solar Forecast BTM MWH
2024-12-09T19:00:00,2024-12-09T14:00:00,2024-12-09T19:00:00,2024-12-09T14:00:00,2024-12-09T20:00:00,2024-12-09T15:00:00,2313.978,711.863
2024-12-09T19:00:00,2024-12-09T14:00:00,2024-12-09T20:00:00,2024-12-09T15:00:00,2024-12-09T21:00:00,2024-12-09T16:00:00,1535.862,258.156
2024-12-09T19:00:00,2024-12-09T14:00:00,2024-12-09T21:00:00,2024-12-09T16:00:00,2024-12-09T22:00:00,2024-12-09T17:00:00,319.798,9.310
2024-12-09T19:00:00,2024-12-09T14:00:00,2024-12-09T22:00:00,2024-12-09T17:00:00,2024-12-09T23:00:00,2024-12-09T18:00:00,2.739,0.000
2024-12-09T19:00:00,2024-12-09T14:00:00,2024-12-09T23:00:00,2024-12-09T18:00:00,2024-12-10T00:00:00,2024-12-09T19:00:00,0.000,0.000
2024-12-09T19:00:00,2024-12-09T14:00:00,2024-12-10T00:00:00,2024-12-09T19:00:00,2024-12-10T01:00:00,2024-12-09T20:00:00,0.000,0.000
2024-12-09T19:00:00,2024-12-09T14:00:00,2024-12-10T01:00:00,2024-12-09T20:00:00,2024-12-10T02:00:00,2024-12-09T21:00:00,0.000,0.000
2024-12-09T19:00:00,2024-12-09T14:00:00,2024-12-10T02:00:00,2024-12-09T21:00:00,2024-12-10T03:00:00,2024-12-09T22:00:00,0.000,0.000
2024-12-09T19:00:00,2024-12-09T14:00:00,2024-12-10T03:00:00,2024-12-09T22:00:00,2024-12-10T04:00:00,2024-12-09T23:00:00,0.000,0.000
2024-12-09T19:00:00,2024-12-09T14:00:00,2024-12-10T04:00:00,2024-12-09T23:00:00,2024-12-10T05:00:00,2024-12-10T00:00:00,0.000,0.000
2024-12-09T19:00:00,2024-12-09T14:00:00,2024-12-10T05:00:00,2024-12-10T00:00:00,2024-12-10T06:00:00,2024-12-10T01:00:00,0.000,0.000
2024-12-09T19:00:00,2024-12-09T14:00:00,2024-12-10T06:00:00,2024-12-10T01:00:00,2024-12-10T07:00:00,2024-12-10T02:00:00,0.000,0.000
2024-12-09T19:00:00,2024-12-09T14:00:00,2024-12-10T07:00:00,2024-12-10T02:00:00,2024-12-10T08:00:00,2024-12-10T03:00:00,0.000,0.000
2024-12-09T19:00:00,2024-12-09T14:00:00,2024-12-10T08:00:00,2024-12-10T03:00:00,2024-12-10T09:00:00,2024-12-10T04:00:00,0.000,0.000
2024-12-09T19:00:00,2024-12-09T14:00:00,2024-12-10T09:00:00,2024-12-10T04:00:00,2024-12-10T10:00:00,2024-12-10T05:00:00,0.000,0.000
2024-12-09T19:00:00,2024-12-09T14:00:00,2024-12-10T10:00:00,2024-12-10T05:00:00,2024-12-10T11:00:00,2024-12-10T06:00:00,0.000,0.000
2024-12-09T19:00:00,2024-12-09T14:00:00,2024-12-10T11:00:00,2024-12-10T06:00:00,2024-12-10T12:00:00,2024-12-10T07:00:00,0.093,0.000
2024-12-09T19:00:00,2024-12-09T14:00:00,2024-12-10T12:00:00,2024-12-10T07:00:00,2024-12-10T13:00:00,2024-12-10T08:00:00,123.541,102.052
2024-12-09T19:00:00,2024-12-09T14:00:00,2024-12-10T13:00:00,2024-12-10T08:00:00,2024-12-10T14:00:00,2024-12-10T09:00:00,834.320,383.137
2024-12-09T19:00:00,2024-12-09T14:00:00,2024-12-10T14:00:00,2024-12-10T09:00:00,2024-12-10T15:00:00,2024-12-10T10:00:00,1737.090,676.494
2024-12-09T19:00:00,2024-12-09T14:00:00,2024-12-10T15:00:00,2024-12-10T10:00:00,2024-12-10T16:00:00,2024-12-10T11:00:00,2043.368,1081.393
2024-12-09T19:00:00,2024-12-09T14:00:00,2024-12-10T16:00:00,2024-12-10T11:00:00,2024-12-10T17:00:00,2024-12-10T12:00:00,2182.716,1185.152
2024-12-09T19:00:00,2024-12-09T14:00:00,2024-12-10T17:00:00,2024-12-10T12:00:00,2024-12-10T18:00:00,2024-12-10T13:00:00,2085.978,1132.869
2024-12-09T19:00:00,2024-12-09T14:00:00,2024-12-10T18:00:00,2024-12-10T13:00:00,2024-12-10T19:00:00,2024-12-10T14:00:00,2003.109,1120.213
2024-12-09T19:00:00,2024-12-09T14:00:00,2024-12-10T19:00:00,2024-12-10T14:00:00,2024-12-10T20:00:00,2024-12-10T15:00:00,1744.680,684.582
2024-12-09T19:00:00,2024-12-09T14:00:00,2024-12-10T20:00:00,2024-12-10T15:00:00,2024-12-10T21:00:00,2024-12-10T16:00:00,1055.661,122.407
2024-12-09T19:00:00,2024-12-09T14:00:00,2024-12-10T21:00:00,2024-12-10T16:00:00,2024-12-10T22:00:00,2024-12-10T17:00:00,199.463,0.488
2024-12-09T19:00:00,2024-12-09T14:00:00,2024-12-10T22:00:00,2024-12-10T17:00:00,2024-12-10T23:00:00,2024-12-10T18:00:00,2.743,0.000
2024-12-09T19:00:00,2024-12-09T14:00:00,2024-12-10T23:00:00,2024-12-10T18:00:00,2024-12-11T00:00:00,2024-12-10T19:00:00,0.009,0.000
2024-12-09T19:00:00,2024-12-09T14:00:00,2024-12-11T00:00:00,2024-12-10T19:00:00,2024-12-11T01:00:00,2024-12-10T20:00:00,0.000,0.000
2024-12-09T19:00:00,2024-12-09T14:00:00,2024-12-11T01:00:00,2024-12-10T20:00:00,2024-12-11T02:00:00,2024-12-10T21:00:00,0.000,0.000
2024-12-09T19:00:00,2024-12-09T14:00:00,2024-12-11T02:00:00,2024-12-10T21:00:00,2024-12-11T03:00:00,2024-12-10T22:00:00,0.000,0.000
2024-12-09T19:00:00,2024-12-09T14:00:00,2024-12-11T03:00:00,2024-12-10T22:00:00,2024-12-11T04:00:00,2024-12-10T23:00:00,0.000,0.000
2024-12-09T19:00:00,2024-12-09T14:00:00,2024-12-11T04:00:00,2024-12-10T23:00:00,2024-12-11T05:00:00,2024-12-11T00:00:00,0.000,0.000
2024-12-09T19:00:00,2024-12-09T14:00:00,2024-12-11T05:00:00,2024-12-11T00:00:00,2024-12-11T06:00:00,2024-12-11T01:00:00,0.000,0.000
2024-12-09T19:00:00,2024-12-09T14:00:00,2024-12-11T06:00:00,2024-12-11T01:00:00,2024-12-11T07:00:00,2024-12-11T02:00:00,0.000,0.000
2024-12-09T19:00:00,2024-12-09T14:00:00,2024-12-11T07:00:00,2024-12-11T02:00:00,2024-12-11T08:00:00,2024-12-11T03:00:00,0.000,0.000
2024-12-09T19:00:00,2024-12-09T14:00:00,2024-12-11T08:00:00,2024-12-11T03:00:00,2024-12-11T09:00:00,2024-12-11T04:00:00,0.000,0.000
2024-12-09T19:00:00,2024-12-09T14:00:00,2024-12-11T09:00:00,2024-12-11T04:00:00,2024-12-11T10:00:00,2024-12-11T05:00:00,0.000,0.000
2024-12-09T19:00:00,2024-12-09T14:00:00,2024-12-11T10:00:00,2024-12-11T05:00:00,2024-12-11T11:00:00,2024-12-11T06:00:00,0.000,0.000
2024-12-09T19:00:00,2024-12-09T14:00:00,2024-12-11T11:00:00,2024-12-11T06:00:00,2024-12-11T12:00:00,2024-12-11T07:00:00,0.021,0.000
2024-12-09T19:00:00,2024-12-09T14:00:00,2024-12-11T12:00:00,2024-12-11T07:00:00,2024-12-11T13:00:00,2024-12-11T08:00:00,49.824,52.784
2024-12-09T19:00:00,2024-12-09T14:00:00,2024-12-11T13:00:00,2024-12-11T08:00:00,2024-12-11T14:00:00,2024-12-11T09:00:00,436.693,259.397
2024-12-09T19:00:00,2024-12-09T14:00:00,2024-12-11T14:00:00,2024-12-11T09:00:00,2024-12-11T15:00:00,2024-12-11T10:00:00,1157.622,481.780
2024-12-09T19:00:00,2024-12-09T14:00:00,2024-12-11T15:00:00,2024-12-11T10:00:00,2024-12-11T16:00:00,2024-12-11T11:00:00,1597.174,485.217
2024-12-09T19:00:00,2024-12-09T14:00:00,2024-12-11T16:00:00,2024-12-11T11:00:00,2024-12-11T17:00:00,2024-12-11T12:00:00,1884.535,520.718
2024-12-09T19:00:00,2024-12-09T14:00:00,2024-12-11T17:00:00,2024-12-11T12:00:00,2024-12-11T18:00:00,2024-12-11T13:00:00,1951.017,491.510
2024-12-09T19:00:00,2024-12-09T14:00:00,2024-12-11T18:00:00,2024-12-11T13:00:00,2024-12-11T19:00:00,2024-12-11T14:00:00,1628.351,463.280
2024-12-09T18:00:00,2024-12-09T13:00:00,2024-12-09T18:00:00,2024-12-09T13:00:00,2024-12-09T19:00:00,2024-12-09T14:00:00,2731.131,930.259
2024-12-09T18:00:00,2024-12-09T13:00:00,2024-12-09T19:00:00,2024-12-09T14:00:00,2024-12-09T20:00:00,2024-12-09T15:00:00,2088.666,697.181
2024-12-09T18:00:00,2024-12-09T13:00:00,2024-12-09T20:00:00,2024-12-09T15:00:00,2024-12-09T21:00:00,2024-12-09T16:00:00,1018.202,257.019
2024-12-09T18:00:00,2024-12-09T13:00:00,2024-12-09T21:00:00,2024-12-09T16:00:00,2024-12-09T22:00:00,2024-12-09T17:00:00,128.814,9.923
2024-12-09T18:00:00,2024-12-09T13:00:00,2024-12-09T22:00:00,2024-12-09T17:00:00,2024-12-09T23:00:00,2024-12-09T18:00:00,1.642,0.000
2024-12-09T18:00:00,2024-12-09T13:00:00,2024-12-09T23:00:00,2024-12-09T18:00:00,2024-12-10T00:00:00,2024-12-09T19:00:00,0.017,0.000
2024-12-09T18:00:00,2024-12-09T13:00:00,2024-12-10T00:00:00,2024-12-09T19:00:00,2024-12-10T01:00:00,2024-12-09T20:00:00,0.000,0.000
2024-12-09T18:00:00,2024-12-09T13:00:00,2024-12-10T01:00:00,2024-12-09T20:00:00,2024-12-10T02:00:00,2024-12-09T21:00:00,0.000,0.000
2024-12-09T18:00:00,2024-12-09T13:00:00,2024-12-10T02:00:00,2024-12-09T21:00:00,2024-12-10T03:00:00,2024-12-09T22:00:00,0.000,0.000
2024-12-09T18:00:00,2024-12-09T13:00:00,2024-12-10T03:00:00,2024-12-09T22:00:00,2024-12-10T04:00:00,2024-12-09T23:00:00,0.000,0.000
2024-12-09T18:00:00,2024-12-09T13:00:00,2024-12-10T04:00:00,2024-12-09T23:00:00,2024-12-10T05:00:00,2024-12-10T00:00:00,0.000,0.000
2024-12-09T18:00:00,2024-12-09T13:00:00,2024-12-10T05:00:00,2024-12-10T00:00:00,2024-12-10T06:00:00,2024-12-10T01:00:00,0.000,0.000
2024-12-09T18:00:00,2024-12-09T13:00:00,2024-12-10T06:00:00,2024-12-10T01:00:00,2024-12-10T07:00:00,2024-12-10T02:00:00,0.000,0.000
2024-12-09T18:00:00,2024-12-09T13:00:00,2024-12-10T07:00:00,2024-12-10T02:00:00,2024-12-10T08:00:00,2024-12-10T03:00:00,0.000,0.000
2024-12-09T18:00:00,2024-12-09T13:00:00,2024-12-10T08:00:00,2024-12-10T03:00:00,2024-12-10T09:00:00,2024-12-10T04:00:00,0.000,0.000
2024-12-09T18:00:00,2024-12-09T13:00:00,2024-12-10T09:00:00,2024-12-10T04:00:00,2024-12-10T10:00:00,2024-12-10T05:00:00,0.000,0.000
2024-12-09T18:00:00,2024-12-09T13:00:00,2024-12-10T10:00:00,2024-12-10T05:00:00,2024-12-10T11:00:00,2024-12-10T06:00:00,0.000,0.000
2024-12-09T18:00:00,2024-12-09T13:00:00,2024-12-10T11:00:00,2024-12-10T06:00:00,2024-12-10T12:00:00,2024-12-10T07:00:00,0.034,0.000
2024-12-09T18:00:00,2024-12-09T13:00:00,2024-12-10T12:00:00,2024-12-10T07:00:00,2024-12-10T13:00:00,2024-12-10T08:00:00,86.456,102.052
2024-12-09T18:00:00,2024-12-09T13:00:00,2024-12-10T13:00:00,2024-12-10T08:00:00,2024-12-10T14:00:00,2024-12-10T09:00:00,739.235,383.137
2024-12-09T18:00:00,2024-12-09T13:00:00,2024-12-10T14:00:00,2024-12-10T09:00:00,2024-12-10T15:00:00,2024-12-10T10:00:00,1601.146,676.494
2024-12-09T18:00:00,2024-12-09T13:00:00,2024-12-10T15:00:00,2024-12-10T10:00:00,2024-12-10T16:00:00,2024-12-10T11:00:00,2113.768,1081.393
2024-12-09T18:00:00,2024-12-09T13:00:00,2024-12-10T16:00:00,2024-12-10T11:00:00,2024-12-10T17:00:00,2024-12-10T12:00:00,2449.895,1185.152
2024-12-09T18:00:00,2024-12-09T13:00:00,2024-12-10T17:00:00,2024-12-10T12:00:00,2024-12-10T18:00:00,2024-12-10T13:00:00,2393.773,1132.869
2024-12-09T18:00:00,2024-12-09T13:00:00,2024-12-10T18:00:00,2024-12-10T13:00:00,2024-12-10T19:00:00,2024-12-10T14:00:00,2212.009,1120.213
2024-12-09T18:00:00,2024-12-09T13:00:00,2024-12-10T19:00:00,2024-12-10T14:00:00,2024-12-10T20:00:00,2024-12-10T15:00:00,1737.958,684.582
2024-12-09T18:00:00,2024-12-09T13:00:00,2024-12-10T20:00:00,2024-12-10T15:00:00,2024-12-10T21:00:00,2024-12-10T16:00:00,880.399,122.407
2024-12-09T18:00:00,2024-12-09T13:00:00,2024-12-10T21:00:00,2024-12-10T16:00:00,2024-12-10T22:00:00,2024-12-10T17:00:00,121.709,0.488
2024-12-09T18:00:00,2024-12-09T13:00:00,2024-12-10T22:00:00,2024-12-10T17:00:00,2024-12-10T23:00:00,2024-12-10T18:00:00,1.618,0.000
2024-12-09T18:00:00,2024-12-09T13:00:00,2024-12-10T23:00:00,2024-12-10T18:00:00,2024-12-11T00:00:00,2024-12-10T19:00:00,0.009,0.000
2024-12-09T18:00:00,2024-12-09T13:00:00,2024-12-11T00:00:00,2024-12-10T19:00:00,2024-12-11T01:00:00,2024-12-10T20:00:00,0.000,0.000
2024-12-09T18:00:00,2024-12-09T13:00:00,2024-12-11T01:00:00,2024-12-10T20:00:00,2024-12-11T02:00:00,2024-12-10T21:00:00,0.000,0.000
2024-12-09T18:00:00,2024-12-09T13:00:00,2024-12-11T02:00:00,2024-12-10T21:00:00,2024-12-11T03:00:00,2024-12-10T22:00:00,0.000,0.000
2024-12-09T18:00:00,2024-12-09T13:00:00,2024-12-11T03:00:00,2024-12-10T22:00:00,2024-12-11T04:00:00,2024-12-10T23:00:00,0.000,0.000
2024-12-09T18:00:00,2024-12-09T13:00:00,2024-12-11T04:00:00,2024-12-10T23:00:00,2024-12-11T05:00:00,2024-12-11T00:00:00,0.000,0.000
2024-12-09T18:00:00,2024-12-09T13:00:00,2024-12-11T05:00:00,2024-12-11T00:00:00,2024-12-11T06:00:00,2024-12-11T01:00:00,0.000,0.000
2024-12-09T18:00:00,2024-12-09T13:00:00,2024-12-11T06:00:00,2024-12-11T01:00:00,2024-12-11T07:00:00,2024-12-11T02:00:00,0.000,0.000
2024-12-09T18:00:00,2024-12-09T13:00:00,2024-12-11T07:00:00,2024-12-11T02:00:00,2024-12-11T08:00:00,2024-12-11T03:00:00,0.000,0.000
2024-12-09T18:00:00,2024-12-09T13:00:00,2024-12-11T08:00:00,2024-12-11T03:00:00,2024-12-11T09:00:00,2024-12-11T04:00:00,0.000,0.000
2024-12-09T18:00:00,2024-12-09T13:00:00,2024-12-11T09:00:00,2024-12-11T04:00:00,2024-12-11T10:00:00,2024-12-11T05:00:00,0.000,0.000
2024-12-09T18:00:00,2024-12-09T13:00:00,2024-12-11T10:00:00,2024-12-11T05:00:00,2024-12-11T11:00:00,2024-12-11T06:00:00,0.000,0.000
2024-12-09T18:00:00,2024-12-09T13:00:00,2024-12-11T11:00:00,2024-12-11T06:00:00,2024-12-11T12:00:00,2024-12-11T07:00:00,0.009,0.000
2024-12-09T18:00:00,2024-12-09T13:00:00,2024-12-11T12:00:00,2024-12-11T07:00:00,2024-12-11T13:00:00,2024-12-11T08:00:00,35.731,52.784
2024-12-09T18:00:00,2024-12-09T13:00:00,2024-12-11T13:00:00,2024-12-11T08:00:00,2024-12-11T14:00:00,2024-12-11T09:00:00,347.196,259.397
2024-12-09T18:00:00,2024-12-09T13:00:00,2024-12-11T14:00:00,2024-12-11T09:00:00,2024-12-11T15:00:00,2024-12-11T10:00:00,1013.290,481.780
2024-12-09T18:00:00,2024-12-09T13:00:00,2024-12-11T15:00:00,2024-12-11T10:00:00,2024-12-11T16:00:00,2024-12-11T11:00:00,1611.487,485.217
2024-12-09T18:00:00,2024-12-09T13:00:00,2024-12-11T16:00:00,2024-12-11T11:00:00,2024-12-11T17:00:00,2024-12-11T12:00:00,2064.757,520.718
2024-12-09T18:00:00,2024-12-09T13:00:00,2024-12-11T17:00:00,2024-12-11T12:00:00,2024-12-11T18:00:00,2024-12-11T13:00:00,2169.287,491.510
2024-12-09T17:00:00,2024-12-09T12:00:00,2024-12-09T17:00:00,2024-12-09T12:00:00,2024-12-09T18:00:00,2024-12-09T13:00:00,2362.406,919.764
2024-12-09T17:00:00,2024-12-09T12:00:00,2024-12-09T18:00:00,2024-12-09T13:00:00,2024-12-09T19:00:00,2024-12-09T14:00:00,2478.273,965.060
2024-12-09T17:00:00,2024-12-09T12:00:00,2024-12-09T19:00:00,2024-12-09T14:00:00,2024-12-09T20:00:00,2024-12-09T15:00:00,2016.555,694.584
2024-12-09T17:00:00,2024-12-09T12:00:00,2024-12-09T20:00:00,2024-12-09T15:00:00,2024-12-09T21:00:00,2024-12-09T16:00:00,981.150,256.388
2024-12-09T17:00:00,2024-12-09T12:00:00,2024-12-09T21:00:00,2024-12-09T16:00:00,2024-12-09T22:00:00,2024-12-09T17:00:00,126.233,10.029
2024-12-09T17:00:00,2024-12-09T12:00:00,2024-12-09T22:00:00,2024-12-09T17:00:00,2024-12-09T23:00:00,2024-12-09T18:00:00,1.662,0.000
2024-12-09T17:00:00,2024-12-09T12:00:00,2024-12-09T23:00:00,2024-12-09T18:00:00,2024-12-10T00:00:00,2024-12-09T19:00:00,0.015,0.000
2024-12-09T17:00:00,2024-12-09T12:00:00,2024-12-10T00:00:00,2024-12-09T19:00:00,2024-12-10T01:00:00,2024-12-09T20:00:00,0.000,0.000
2024-12-09T17:00:00,2024-12-09T12:00:00,2024-12-10T01:00:00,2024-12-09T20:00:00,2024-12-10T02:00:00,2024-12-09T21:00:00,0.000,0.000
2024-12-09T17:00:00,2024-12-09T12:00:00,2024-12-10T02:00:00,2024-12-09T21:00:00,2024-12-10T03:00:00,2024-12-09T22:00:00,0.000,0.000
2024-12-09T17:00:00,2024-12-09T12:00:00,2024-12-10T03:00:00,2024-12-09T22:00:00,2024-12-10T04:00:00,2024-12-09T23:00:00,0.000,0.000
2024-12-09T17:00:00,2024-12-09T12:00:00,2024-12-10T04:00:00,2024-12-09T23:00:00,2024-12-10T05:00:00,2024-12-10T00:00:00,0.000,0.000
2024-12-09T17:00:00,2024-12-09T12:00:00,2024-12-10T05:00:00,2024-12-10T00:00:00,2024-12-10T06:00:00,2024-12-10T01:00:00,0.000,0.000
2024-12-09T17:00:00,2024-12-09T12:00:00,2024-12-10T06:00:00,2024-12-10T01:00:00,2024-12-10T07:00:00,2024-12-10T02:00:00,0.000,0.000
2024-12-09T17:00:00,2024-12-09T12:00:00,2024-12-10T07:00:00,2024-12-10T02:00:00,2024-12-10T08:00:00,2024-12-10T03:00:00,0.000,0.000
2024-12-09T17:00:00,2024-12-09T12:00:00,2024-12-10T08:00:00,2024-12-10T03:00:00,2024-12-10T09:00:00,2024-12-10T04:00:00,0.000,0.000
2024-12-09T17:00:00,2024-12-09T12:00:00,2024-12-10T09:00:00,2024-12-10T04:00:00,2024-12-10T10:00:00,2024-12-10T05:00:00,0.000,0.000
2024-12-09T17:00:00,2024-12-09T12:00:00,2024-12-10T10:00:00,2024-12-10T05:00:00,2024-12-10T11:00:00,2024-12-10T06:00:00,0.000,0.000
2024-12-09T17:00:00,2024-12-09T12:00:00,2024-12-10T11:00:00,2024-12-10T06:00:00,2024-12-10T12:00:00,2024-12-10T07:00:00,0.032,0.000
2024-12-09T17:00:00,2024-12-09T12:00:00,2024-12-10T12:00:00,2024-12-10T07:00:00,2024-12-10T13:00:00,2024-12-10T08:00:00,94.664,102.052
2024-12-09T17:00:00,2024-12-09T12:00:00,2024-12-10T13:00:00,2024-12-10T08:00:00,2024-12-10T14:00:00,2024-12-10T09:00:00,752.276,383.137
2024-12-09T17:00:00,2024-12-09T12:00:00,2024-12-10T14:00:00,2024-12-10T09:00:00,2024-12-10T15:00:00,2024-12-10T10:00:00,1550.631,676.494
2024-12-09T17:00:00,2024-12-09T12:00:00,2024-12-10T15:00:00,2024-12-10T10:00:00,2024-12-10T16:00:00,2024-12-10T11:00:00,2081.415,1081.393
2024-12-09T17:00:00,2024-12-09T12:00:00,2024-12-10T16:00:00,2024-12-10T11:00:00,2024-12-10T17:00:00,2024-12-10T12:00:00,2377.806,1185.152
2024-12-09T17:00:00,2024-12-09T12:00:00,2024-12-10T17:00:00,2024-12-10T12:00:00,2024-12-10T18:00:00,2024-12-10T13:00:00,2498.803,1132.869
2024-12-09T17:00:00,2024-12-09T12:00:00,2024-12-10T18:00:00,2024-12-10T13:00:00,2024-12-10T19:00:00,2024-12-10T14:00:00,2181.028,1120.213
2024-12-09T17:00:00,2024-12-09T12:00:00,2024-12-10T19:00:00,2024-12-10T14:00:00,2024-12-10T20:00:00,2024-12-10T15:00:00,1635.873,684.582
2024-12-09T17:00:00,2024-12-09T12:00:00,2024-12-10T20:00:00,2024-12-10T15:00:00,2024-12-10T21:00:00,2024-12-10T16:00:00,843.644,122.407
2024-12-09T17:00:00,2024-12-09T12:00:00,2024-12-10T21:00:00,2024-12-10T16:00:00,2024-12-10T22:00:00,2024-12-10T17:00:00,109.928,0.488
2024-12-09T17:00:00,2024-12-09T12:00:00,2024-12-10T22:00:00,2024-12-10T17:00:00,2024-12-10T23:00:00,2024-12-10T18:00:00,1.618,0.000
2024-12-09T17:00:00,2024-12-09T12:00:00,2024-12-10T23:00:00,2024-12-10T18:00:00,2024-12-11T00:00:00,2024-12-10T19:00:00,0.009,0.000
2024-12-09T17:00:00,2024-12-09T12:00:00,2024-12-11T00:00:00,2024-12-10T19:00:00,2024-12-11T01:00:00,2024-12-10T20:00:00,0.000,0.000
2024-12-09T17:00:00,2024-12-09T12:00:00,2024-12-11T01:00:00,2024-12-10T20:00:00,2024-12-11T02:00:00,2024-12-10T21:00:00,0.000,0.000
2024-12-09T17:00:00,2024-12-09T12:00:00,2024-12-11T02:00:00,2024-12-10T21:00:00,2024-12-11T03:00:00,2024-12-10T22:00:00,0.000,0.000
2024-12-09T17:00:00,2024-12-09T12:00:00,2024-12-11T03:00:00,2024-12-10T22:00:00,2024-12-11T04:00:00,2024-12-10T23:00:00,0.000,0.000
2024-12-09T17:00:00,2024-12-09T12:00:00,2024-12-11T04:00:00,2024-12-10T23:00:00,2024-12-11T05:00:00,2024-12-11T00:00:00,0.000,0.000
2024-12-09T17:00:00,2024-12-09T12:00:00,2024-12-11T05:00:00,2024-12-11T00:00:00,2024-12-11T06:00:00,2024-12-11T01:00:00,0.000,0.000
2024-12-09T17:00:00,2024-12-09T12:00:00,2024-12-11T06:00:00,2024-12-11T01:00:00,2024-12-11T07:00:00,2024-12-11T02:00:00,0.000,0.000
2024-12-09T17:00:00,2024-12-09T12:00:00,2024-12-11T07:00:00,2024-12-11T02:00:00,2024-12-11T08:00:00,2024-12-11T03:00:00,0.000,0.000
2024-12-09T17:00:00,2024-12-09T12:00:00,2024-12-11T08:00:00,2024-12-11T03:00:00,2024-12-11T09:00:00,2024-12-11T04:00:00,0.000,0.000
2024-12-09T17:00:00,2024-12-09T12:00:00,2024-12-11T09:00:00,2024-12-11T04:00:00,2024-12-11T10:00:00,2024-12-11T05:00:00,0.000,0.000
2024-12-09T17:00:00,2024-12-09T12:00:00,2024-12-11T10:00:00,2024-12-11T05:00:00,2024-12-11T11:00:00,2024-12-11T06:00:00,0.000,0.000
2024-12-09T17:00:00,2024-12-09T12:00:00,2024-12-11T11:00:00,2024-12-11T06:00:00,2024-12-11T12:00:00,2024-12-11T07:00:00,0.010,0.000
2024-12-09T17:00:00,2024-12-09T12:00:00,2024-12-11T12:00:00,2024-12-11T07:00:00,2024-12-11T13:00:00,2024-12-11T08:00:00,36.254,52.784
2024-12-09T17:00:00,2024-12-09T12:00:00,2024-12-11T13:00:00,2024-12-11T08:00:00,2024-12-11T14:00:00,2024-12-11T09:00:00,368.084,259.397
2024-12-09T17:00:00,2024-12-09T12:00:00,2024-12-11T14:00:00,2024-12-11T09:00:00,2024-12-11T15:00:00,2024-12-11T10:00:00,1035.266,481.780
2024-12-09T17:00:00,2024-12-09T12:00:00,2024-12-11T15:00:00,2024-12-11T10:00:00,2024-12-11T16:00:00,2024-12-11T11:00:00,1598.288,485.217
2024-12-09T17:00:00,2024-12-09T12:00:00,2024-12-11T16:00:00,2024-12-11T11:00:00,2024-12-11T17:00:00,2024-12-11T12:00:00,1926.510,520.718
2024-12-09T16:00:00,2024-12-09T11:00:00,2024-12-09T16:00:00,2024-12-09T11:00:00,2024-12-09T17:00:00,2024-12-09T12:00:00,1513.925,957.499
2024-12-09T16:00:00,2024-12-09T11:00:00,2024-12-09T17:00:00,2024-12-09T12:00:00,2024-12-09T18:00:00,2024-12-09T13:00:00,1850.245,978.003
2024-12-09T16:00:00,2024-12-09T11:00:00,2024-12-09T18:00:00,2024-12-09T13:00:00,2024-12-09T19:00:00,2024-12-09T14:00:00,2192.883,950.369
2024-12-09T16:00:00,2024-12-09T11:00:00,2024-12-09T19:00:00,2024-12-09T14:00:00,2024-12-09T20:00:00,2024-12-09T15:00:00,2207.847,651.514
2024-12-09T16:00:00,2024-12-09T11:00:00,2024-12-09T20:00:00,2024-12-09T15:00:00,2024-12-09T21:00:00,2024-12-09T16:00:00,1469.438,260.528
2024-12-09T16:00:00,2024-12-09T11:00:00,2024-12-09T21:00:00,2024-12-09T16:00:00,2024-12-09T22:00:00,2024-12-09T17:00:00,298.575,11.263
2024-12-09T16:00:00,2024-12-09T11:00:00,2024-12-09T22:00:00,2024-12-09T17:00:00,2024-12-09T23:00:00,2024-12-09T18:00:00,3.056,0.000
2024-12-09T16:00:00,2024-12-09T11:00:00,2024-12-09T23:00:00,2024-12-09T18:00:00,2024-12-10T00:00:00,2024-12-09T19:00:00,0.000,0.000
2024-12-09T16:00:00,2024-12-09T11:00:00,2024-12-10T00:00:00,2024-12-09T19:00:00,2024-12-10T01:00:00,2024-12-09T20:00:00,0.000,0.000
2024-12-09T16:00:00,2024-12-09T11:00:00,2024-12-10T01:00:00,2024-12-09T20:00:00,2024-12-10T02:00:00,2024-12-09T21:00:00,0.000,0.000
2024-12-09T16:00:00,2024-12-09T11:00:00,2024-12-10T02:00:00,2024-12-09T21:00:00,2024-12-10T03:00:00,2024-12-09T22:00:00,0.000,0.000
2024-12-09T16:00:00,2024-12-09T11:00:00,2024-12-10T03:00:00,2024-12-09T22:00:00,2024-12-10T04:00:00,2024-12-09T23:00:00,0.000,0.000
2024-12-09T16:00:00,2024-12-09T11:00:00,2024-12-10T04:00:00,2024-12-09T23:00:00,2024-12-10T05:00:00,2024-12-10T00:00:00,0.000,0.000
2024-12-09T16:00:00,2024-12-09T11:00:00,2024-12-10T05:00:00,2024-12-10T00:00:00,2024-12-10T06:00:00,2024-12-10T01:00:00,0.000,0.000
2024-12-09T16:00:00,2024-12-09T11:00:00,2024-12-10T06:00:00,2024-12-10T01:00:00,2024-12-10T07:00:00,2024-12-10T02:00:00,0.000,0.000
2024-12-09T16:00:00,2024-12-09T11:00:00,2024-12-10T07:00:00,2024-12-10T02:00:00,2024-12-10T08:00:00,2024-12-10T03:00:00,0.000,0.000
2024-12-09T16:00:00,2024-12-09T11:00:00,2024-12-10T08:00:00,2024-12-10T03:00:00,2024-12-10T09:00:00,2024-12-10T04:00:00,0.000,0.000
2024-12-09T16:00:00,2024-12-09T11:00:00,2024-12-10T09:00:00,2024-12-10T04:00:00,2024-12-10T10:00:00,2024-12-10T05:00:00,0.000,0.000
2024-12-09T16:00:00,2024-12-09T11:00:00,2024-12-10T10:00:00,2024-12-10T05:00:00,2024-12-10T11:00:00,2024-12-10T06:00:00,0.000,0.000
2024-12-09T16:00:00,2024-12-09T11:00:00,2024-12-10T11:00:00,2024-12-10T06:00:00,2024-12-10T12:00:00,2024-12-10T07:00:00,0.090,0.000
2024-12-09T16:00:00,2024-12-09T11:00:00,2024-12-10T12:00:00,2024-12-10T07:00:00,2024-12-10T13:00:00,2024-12-10T08:00:00,137.940,109.390
2024-12-09T16:00:00,2024-12-09T11:00:00,2024-12-10T13:00:00,2024-12-10T08:00:00,2024-12-10T14:00:00,2024-12-10T09:00:00,932.135,499.068
2024-12-09T16:00:00,2024-12-09T11:00:00,2024-12-10T14:00:00,2024-12-10T09:00:00,2024-12-10T15:00:00,2024-12-10T10:00:00,1749.020,886.895
2024-12-09T16:00:00,2024-12-09T11:00:00,2024-12-10T15:00:00,2024-12-10T10:00:00,2024-12-10T16:00:00,2024-12-10T11:00:00,2125.578,1594.944
2024-12-09T16:00:00,2024-12-09T11:00:00,2024-12-10T16:00:00,2024-12-10T11:00:00,2024-12-10T17:00:00,2024-12-10T12:00:00,2271.196,1694.252
2024-12-09T16:00:00,2024-12-09T11:00:00,2024-12-10T17:00:00,2024-12-10T12:00:00,2024-12-10T18:00:00,2024-12-10T13:00:00,2309.935,1590.469
2024-12-09T16:00:00,2024-12-09T11:00:00,2024-12-10T18:00:00,2024-12-10T13:00:00,2024-12-10T19:00:00,2024-12-10T14:00:00,2111.135,1100.220
2024-12-09T16:00:00,2024-12-09T11:00:00,2024-12-10T19:00:00,2024-12-10T14:00:00,2024-12-10T20:00:00,2024-12-10T15:00:00,1743.384,666.165
2024-12-09T16:00:00,2024-12-09T11:00:00,2024-12-10T20:00:00,2024-12-10T15:00:00,2024-12-10T21:00:00,2024-12-10T16:00:00,1052.737,107.775
2024-12-09T16:00:00,2024-12-09T11:00:00,2024-12-10T21:00:00,2024-12-10T16:00:00,2024-12-10T22:00:00,2024-12-10T17:00:00,177.822,0.460
2024-12-09T16:00:00,2024-12-09T11:00:00,2024-12-10T22:00:00,2024-12-10T17:00:00,2024-12-10T23:00:00,2024-12-10T18:00:00,2.754,0.000
2024-12-09T16:00:00,2024-12-09T11:00:00,2024-12-10T23:00:00,2024-12-10T18:00:00,2024-12-11T00:00:00,2024-12-10T19:00:00,0.009,0.000
2024-12-09T16:00:00,2024-12-09T11:00:00,2024-12-11T00:00:00,2024-12-10T19:00:00,2024-12-11T01:00:00,2024-12-10T20:00:00,0.000,0.000
2024-12-09T16:00:00,2024-12-09T11:00:00,2024-12-11T01:00:00,2024-12-10T20:00:00,2024-12-11T02:00:00,2024-12-10T21:00:00,0.000,0.000
2024-12-09T16:00:00,2024-12-09T11:00:00,2024-12-11T02:00:00,2024-12-10T21:00:00,2024-12-11T03:00:00,2024-12-10T22:00:00,0.000,0.000
2024-12-09T16:00:00,2024-12-09T11:00:00,2024-12-11T03:00:00,2024-12-10T22:00:00,2024-12-11T04:00:00,2024-12-10T23:00:00,0.000,0.000
2024-12-09T16:00:00,2024-12-09T11:00:00,2024-12-11T04:00:00,2024-12-10T23:00:00,2024-12-11T05:00:00,2024-12-11T00:00:00,0.000,0.000
2024-12-09T16:00:00,2024-12-09T11:00:00,2024-12-11T05:00:00,2024-12-11T00:00:00,2024-12-11T06:00:00,2024-12-11T01:00:00,0.000,0.000
2024-12-09T16:00:00,2024-12-09T11:00:00,2024-12-11T06:00:00,2024-12-11T01:00:00,2024-12-11T07:00:00,2024-12-11T02:00:00,0.000,0.000
2024-12-09T16:00:00,2024-12-09T11:00:00,2024-12-11T07:00:00,2024-12-11T02:00:00,2024-12-11T08:00:00,2024-12-11T03:00:00,0.000,0.000
2024-12-09T16:00:00,2024-12-09T11:00:00,2024-12-11T08:00:00,2024-12-11T03:00:00,2024-12-11T09:00:00,2024-12-11T04:00:00,0.000,0.000
2024-12-09T16:00:00,2024-12-09T11:00:00,2024-12-11T09:00:00,2024-12-11T04:00:00,2024-12-11T10:00:00,2024-12-11T05:00:00,0.000,0.000
2024-12-09T16:00:00,2024-12-09T11:00:00,2024-12-11T10:00:00,2024-12-11T05:00:00,2024-12-11T11:00:00,2024-12-11T06:00:00,0.000,0.000
2024-12-09T16:00:00,2024-12-09T11:00:00,2024-12-11T11:00:00,2024-12-11T06:00:00,2024-12-11T12:00:00,2024-12-11T07:00:00,0.019,0.000
2024-12-09T16:00:00,2024-12-09T11:00:00,2024-12-11T12:00:00,2024-12-11T07:00:00,2024-12-11T13:00:00,2024-12-11T08:00:00,50.944,52.793
2024-12-09T16:00:00,2024-12-09T11:00:00,2024-12-11T13:00:00,2024-12-11T08:00:00,2024-12-11T14:00:00,2024-12-11T09:00:00,481.678,260.199
2024-12-09T16:00:00,2024-12-09T11:00:00,2024-12-11T14:00:00,2024-12-11T09:00:00,2024-12-11T15:00:00,2024-12-11T10:00:00,1196.583,488.995
2024-12-09T16:00:00,2024-12-09T11:00:00,2024-12-11T15:00:00,2024-12-11T10:00:00,2024-12-11T16:00:00,2024-12-11T11:00:00,1612.684,489.950
2024-12-09T15:00:00,2024-12-09T10:00:00,2024-12-09T15:00:00,2024-12-09T10:00:00,2024-12-09T16:00:00,2024-12-09T11:00:00,1356.267,1001.810
2024-12-09T15:00:00,2024-12-09T10:00:00,2024-12-09T16:00:00,2024-12-09T11:00:00,2024-12-09T17:00:00,2024-12-09T12:00:00,1530.021,1025.718
2024-12-09T15:00:00,2024-12-09T10:00:00,2024-12-09T17:00:00,2024-12-09T12:00:00,2024-12-09T18:00:00,2024-12-09T13:00:00,1768.977,957.488
2024-12-09T15:00:00,2024-12-09T10:00:00,2024-12-09T18:00:00,2024-12-09T13:00:00,2024-12-09T19:00:00,2024-12-09T14:00:00,2168.083,945.733
2024-12-09T15:00:00,2024-12-09T10:00:00,2024-12-09T19:00:00,2024-12-09T14:00:00,2024-12-09T20:00:00,2024-12-09T15:00:00,2197.702,646.104
2024-12-09T15:00:00,2024-12-09T10:00:00,2024-12-09T20:00:00,2024-12-09T15:00:00,2024-12-09T21:00:00,2024-12-09T16:00:00,1462.828,257.679
2024-12-09T15:00:00,2024-12-09T10:00:00,2024-12-09T21:00:00,2024-12-09T16:00:00,2024-12-09T22:00:00,2024-12-09T17:00:00,307.083,11.409
2024-12-09T15:00:00,2024-12-09T10:00:00,2024-12-09T22:00:00,2024-12-09T17:00:00,2024-12-09T23:00:00,2024-12-09T18:00:00,3.113,0.000
