Evaluated At UTC,Evaluated At EPT,Forecast Hour Beginning UTC,Forecast Hour Beginning EPT,Forecast Area,Forecast Load MW
2024-07-01T09:45:00,2024-07-01T05:45:00,2024-07-02T04:00:00,2024-07-02T00:00:00,AEP,12851
2024-07-01T13:45:00,2024-07-01T09:45:00,2024-07-02T04:00:00,2024-07-02T00:00:00,AEP,12876
2024-07-01T15:45:00,2024-07-01T11:45:00,2024-07-02T04:00:00,2024-07-02T00:00:00,AEP,12876
2024-07-01T21:45:00,2024-07-01T17:45:00,2024-07-02T04:00:00,2024-07-02T00:00:00,AEP,12876
2024-07-02T03:45:00,2024-07-01T23:45:00,2024-07-02T04:00:00,2024-07-02T00:00:00,AEP,12781
2024-07-01T09:45:00,2024-07-01T05:45:00,2024-07-02T04:00:00,2024-07-02T00:00:00,APS,4668
2024-07-01T13:45:00,2024-07-01T09:45:00,2024-07-02T04:00:00,2024-07-02T00:00:00,APS,4695
2024-07-01T15:45:00,2024-07-01T11:45:00,2024-07-02T04:00:00,2024-07-02T00:00:00,APS,4695
2024-07-01T21:45:00,2024-07-01T17:45:00,2024-07-02T04:00:00,2024-07-02T00:00:00,APS,4695
2024-07-02T03:45:00,2024-07-01T23:45:00,2024-07-02T04:00:00,2024-07-02T00:00:00,APS,4668
2024-07-01T09:45:00,2024-07-01T05:45:00,2024-07-02T04:00:00,2024-07-02T00:00:00,COMED,9693
2024-07-01T13:45:00,2024-07-01T09:45:00,2024-07-02T04:00:00,2024-07-02T00:00:00,COMED,9767
2024-07-01T15:45:00,2024-07-01T11:45:00,2024-07-02T04:00:00,2024-07-02T00:00:00,COMED,9767
2024-07-01T21:45:00,2024-07-01T17:45:00,2024-07-02T04:00:00,2024-07-02T00:00:00,COMED,9767
2024-07-02T03:45:00,2024-07-01T23:45:00,2024-07-02T04:00:00,2024-07-02T00:00:00,COMED,9754
2024-07-01T09:45:00,2024-07-01T05:45:00,2024-07-02T04:00:00,2024-07-02T00:00:00,DEOK,2571
2024-07-01T13:45:00,2024-07-01T09:45:00,2024-07-02T04:00:00,2024-07-02T00:00:00,DEOK,2558
2024-07-01T15:45:00,2024-07-01T11:45:00,2024-07-02T04:00:00,2024-07-02T00:00:00,DEOK,2558
2024-07-01T21:45:00,2024-07-01T17:45:00,2024-07-02T04:00:00,2024-07-02T00:00:00,DEOK,2558
2024-07-02T03:45:00,2024-07-01T23:45:00,2024-07-02T04:00:00,2024-07-02T00:00:00,DEOK,2524
2024-07-01T09:45:00,2024-07-01T05:45:00,2024-07-02T04:00:00,2024-07-02T00:00:00,DOM,12445
2024-07-01T13:45:00,2024-07-01T09:45:00,2024-07-02T04:00:00,2024-07-02T00:00:00,DOM,12557
2024-07-01T15:45:00,2024-07-01T11:45:00,2024-07-02T04:00:00,2024-07-02T00:00:00,DOM,12557
2024-07-01T21:45:00,2024-07-01T17:45:00,2024-07-02T04:00:00,2024-07-02T00:00:00,DOM,12557
2024-07-02T03:45:00,2024-07-01T23:45:00,2024-07-02T04:00:00,2024-07-02T00:00:00,DOM,12325
2024-07-01T09:45:00,2024-07-01T05:45:00,2024-07-02T04:00:00,2024-07-02T00:00:00,DAY,1668
2024-07-01T13:45:00,2024-07-01T09:45:00,2024-07-02T04:00:00,2024-07-02T00:00:00,DAY,1653
2024-07-01T15:45:00,2024-07-01T11:45:00,2024-07-02T04:00:00,2024-07-02T00:00:00,DAY,1653
2024-07-01T21:45:00,2024-07-01T17:45:00,2024-07-02T04:00:00,2024-07-02T00:00:00,DAY,1653
2024-07-02T03:45:00,2024-07-01T23:45:00,2024-07-02T04:00:00,2024-07-02T00:00:00,DAY,1605
2024-07-01T09:45:00,2024-07-01T05:45:00,2024-07-02T04:00:00,2024-07-02T00:00:00,DUQ,1294
2024-07-01T13:45:00,2024-07-01T09:45:00,2024-07-02T04:00:00,2024-07-02T00:00:00,DUQ,1299
2024-07-01T15:45:00,2024-07-01T11:45:00,2024-07-02T04:00:00,2024-07-02T00:00:00,DUQ,1299
2024-07-01T21:45:00,2024-07-01T17:45:00,2024-07-02T04:00:00,2024-07-02T00:00:00,DUQ,1299
2024-07-02T03:45:00,2024-07-01T23:45:00,2024-07-02T04:00:00,2024-07-02T00:00:00,DUQ,1342
2024-07-01T09:45:00,2024-07-01T05:45:00,2024-07-02T04:00:00,2024-07-02T00:00:00,EKPC,1304
2024-07-01T13:45:00,2024-07-01T09:45:00,2024-07-02T04:00:00,2024-07-02T00:00:00,EKPC,1303
2024-07-01T15:45:00,2024-07-01T11:45:00,2024-07-02T04:00:00,2024-07-02T00:00:00,EKPC,1303
2024-07-01T21:45:00,2024-07-01T17:45:00,2024-07-02T04:00:00,2024-07-02T00:00:00,EKPC,1303
2024-07-02T03:45:00,2024-07-01T23:45:00,2024-07-02T04:00:00,2024-07-02T00:00:00,EKPC,1273
2024-07-01T09:45:00,2024-07-01T05:45:00,2024-07-02T04:00:00,2024-07-02T00:00:00,ATSI,6539
2024-07-01T13:45:00,2024-07-01T09:45:00,2024-07-02T04:00:00,2024-07-02T00:00:00,ATSI,6494
2024-07-01T15:45:00,2024-07-01T11:45:00,2024-07-02T04:00:00,2024-07-02T00:00:00,ATSI,6494
2024-07-01T21:45:00,2024-07-01T17:45:00,2024-07-02T04:00:00,2024-07-02T00:00:00,ATSI,6494
2024-07-02T03:45:00,2024-07-01T23:45:00,2024-07-02T04:00:00,2024-07-02T00:00:00,ATSI,6630
2024-07-01T09:45:00,2024-07-01T05:45:00,2024-07-02T04:00:00,2024-07-02T00:00:00,MIDATL,26555
2024-07-01T13:45:00,2024-07-01T09:45:00,2024-07-02T04:00:00,2024-07-02T00:00:00,MIDATL,26469
2024-07-01T15:45:00,2024-07-01T11:45:00,2024-07-02T04:00:00,2024-07-02T00:00:00,MIDATL,26469
2024-07-01T21:45:00,2024-07-01T17:45:00,2024-07-02T04:00:00,2024-07-02T00:00:00,MIDATL,26469
2024-07-02T03:45:00,2024-07-01T23:45:00,2024-07-02T04:00:00,2024-07-02T00:00:00,MIDATL,27190
2024-07-01T09:45:00,2024-07-01T05:45:00,2024-07-02T04:00:00,2024-07-02T00:00:00,RTO,79588
2024-07-01T13:45:00,2024-07-01T09:45:00,2024-07-02T04:00:00,2024-07-02T00:00:00,RTO,79671
2024-07-01T15:45:00,2024-07-01T11:45:00,2024-07-02T04:00:00,2024-07-02T00:00:00,RTO,79671
2024-07-01T21:45:00,2024-07-01T17:45:00,2024-07-02T04:00:00,2024-07-02T00:00:00,RTO,79671
2024-07-02T03:45:00,2024-07-01T23:45:00,2024-07-02T04:00:00,2024-07-02T00:00:00,RTO,80092
2024-07-01T09:45:00,2024-07-01T05:45:00,2024-07-02T05:00:00,2024-07-02T01:00:00,AEP,12259
2024-07-01T13:45:00,2024-07-01T09:45:00,2024-07-02T05:00:00,2024-07-02T01:00:00,AEP,12289
2024-07-01T15:45:00,2024-07-01T11:45:00,2024-07-02T05:00:00,2024-07-02T01:00:00,AEP,12289
2024-07-01T21:45:00,2024-07-01T17:45:00,2024-07-02T05:00:00,2024-07-02T01:00:00,AEP,12289
2024-07-02T03:45:00,2024-07-01T23:45:00,2024-07-02T05:00:00,2024-07-02T01:00:00,AEP,12231
2024-07-01T09:45:00,2024-07-01T05:45:00,2024-07-02T05:00:00,2024-07-02T01:00:00,APS,4472
2024-07-01T13:45:00,2024-07-01T09:45:00,2024-07-02T05:00:00,2024-07-02T01:00:00,APS,4502
2024-07-01T15:45:00,2024-07-01T11:45:00,2024-07-02T05:00:00,2024-07-02T01:00:00,APS,4502
2024-07-01T21:45:00,2024-07-01T17:45:00,2024-07-02T05:00:00,2024-07-02T01:00:00,APS,4502
2024-07-02T03:45:00,2024-07-01T23:45:00,2024-07-02T05:00:00,2024-07-02T01:00:00,APS,4459
2024-07-01T09:45:00,2024-07-01T05:45:00,2024-07-02T05:00:00,2024-07-02T01:00:00,COMED,9102
2024-07-01T13:45:00,2024-07-01T09:45:00,2024-07-02T05:00:00,2024-07-02T01:00:00,COMED,9178
2024-07-01T15:45:00,2024-07-01T11:45:00,2024-07-02T05:00:00,2024-07-02T01:00:00,COMED,9178
2024-07-01T21:45:00,2024-07-01T17:45:00,2024-07-02T05:00:00,2024-07-02T01:00:00,COMED,9178
2024-07-02T03:45:00,2024-07-01T23:45:00,2024-07-02T05:00:00,2024-07-02T01:00:00,COMED,9178
2024-07-01T09:45:00,2024-07-01T05:45:00,2024-07-02T05:00:00,2024-07-02T01:00:00,DEOK,2419
2024-07-01T13:45:00,2024-07-01T09:45:00,2024-07-02T05:00:00,2024-07-02T01:00:00,DEOK,2409
2024-07-01T15:45:00,2024-07-01T11:45:00,2024-07-02T05:00:00,2024-07-02T01:00:00,DEOK,2409
2024-07-01T21:45:00,2024-07-01T17:45:00,2024-07-02T05:00:00,2024-07-02T01:00:00,DEOK,2409
2024-07-02T03:45:00,2024-07-01T23:45:00,2024-07-02T05:00:00,2024-07-02T01:00:00,DEOK,2375
2024-07-01T09:45:00,2024-07-01T05:45:00,2024-07-02T05:00:00,2024-07-02T01:00:00,DOM,11846
2024-07-01T13:45:00,2024-07-01T09:45:00,2024-07-02T05:00:00,2024-07-02T01:00:00,DOM,11945
2024-07-01T15:45:00,2024-07-01T11:45:00,2024-07-02T05:00:00,2024-07-02T01:00:00,DOM,11945
2024-07-01T21:45:00,2024-07-01T17:45:00,2024-07-02T05:00:00,2024-07-02T01:00:00,DOM,11945
2024-07-02T03:45:00,2024-07-01T23:45:00,2024-07-02T05:00:00,2024-07-02T01:00:00,DOM,11771
2024-07-01T09:45:00,2024-07-01T05:45:00,2024-07-02T05:00:00,2024-07-02T01:00:00,DAY,1573
2024-07-01T13:45:00,2024-07-01T09:45:00,2024-07-02T05:00:00,2024-07-02T01:00:00,DAY,1564
2024-07-01T15:45:00,2024-07-01T11:45:00,2024-07-02T05:00:00,2024-07-02T01:00:00,DAY,1564
2024-07-01T21:45:00,2024-07-01T17:45:00,2024-07-02T05:00:00,2024-07-02T01:00:00,DAY,1564
2024-07-02T03:45:00,2024-07-01T23:45:00,2024-07-02T05:00:00,2024-07-02T01:00:00,DAY,1519
2024-07-01T09:45:00,2024-07-01T05:45:00,2024-07-02T05:00:00,2024-07-02T01:00:00,DUQ,1238
2024-07-01T13:45:00,2024-07-01T09:45:00,2024-07-02T05:00:00,2024-07-02T01:00:00,DUQ,1241
2024-07-01T15:45:00,2024-07-01T11:45:00,2024-07-02T05:00:00,2024-07-02T01:00:00,DUQ,1241
2024-07-01T21:45:00,2024-07-01T17:45:00,2024-07-02T05:00:00,2024-07-02T01:00:00,DUQ,1241
2024-07-02T03:45:00,2024-07-01T23:45:00,2024-07-02T05:00:00,2024-07-02T01:00:00,DUQ,1278
2024-07-01T09:45:00,2024-07-01T05:45:00,2024-07-02T05:00:00,2024-07-02T01:00:00,EKPC,1216
2024-07-01T13:45:00,2024-07-01T09:45:00,2024-07-02T05:00:00,2024-07-02T01:00:00,EKPC,1213
2024-07-01T15:45:00,2024-07-01T11:45:00,2024-07-02T05:00:00,2024-07-02T01:00:00,EKPC,1213
2024-07-01T21:45:00,2024-07-01T17:45:00,2024-07-02T05:00:00,2024-07-02T01:00:00,EKPC,1213
2024-07-02T03:45:00,2024-07-01T23:45:00,2024-07-02T05:00:00,2024-07-02T01:00:00,EKPC,1202
2024-07-01T09:45:00,2024-07-01T05:45:00,2024-07-02T05:00:00,2024-07-02T01:00:00,ATSI,6264
2024-07-01T13:45:00,2024-07-01T09:45:00,2024-07-02T05:00:00,2024-07-02T01:00:00,ATSI,6234
2024-07-01T15:45:00,2024-07-01T11:45:00,2024-07-02T05:00:00,2024-07-02T01:00:00,ATSI,6234
2024-07-01T21:45:00,2024-07-01T17:45:00,2024-07-02T05:00:00,2024-07-02T01:00:00,ATSI,6234
2024-07-02T03:45:00,2024-07-01T23:45:00,2024-07-02T05:00:00,2024-07-02T01:00:00,ATSI,6330
2024-07-01T09:45:00,2024-07-01T05:45:00,2024-07-02T05:00:00,2024-07-02T01:00:00,MIDATL,25069
2024-07-01T13:45:00,2024-07-01T09:45:00,2024-07-02T05:00:00,2024-07-02T01:00:00,MIDATL,24953
2024-07-01T15:45:00,2024-07-01T11:45:00,2024-07-02T05:00:00,2024-07-02T01:00:00,MIDATL,24953
2024-07-01T21:45:00,2024-07-01T17:45:00,2024-07-02T05:00:00,2024-07-02T01:00:00,MIDATL,24953
2024-07-02T03:45:00,2024-07-01T23:45:00,2024-07-02T05:00:00,2024-07-02T01:00:00,MIDATL,25571
2024-07-01T09:45:00,2024-07-01T05:45:00,2024-07-02T05:00:00,2024-07-02T01:00:00,RTO,75458
2024-07-01T13:45:00,2024-07-01T09:45:00,2024-07-02T05:00:00,2024-07-02T01:00:00,RTO,75528
2024-07-01T15:45:00,2024-07-01T11:45:00,2024-07-02T05:00:00,2024-07-02T01:00:00,RTO,75528
2024-07-01T21:45:00,2024-07-01T17:45:00,2024-07-02T05:00:00,2024-07-02T01:00:00,RTO,75528
2024-07-02T03:45:00,2024-07-01T23:45:00,2024-07-02T05:00:00,2024-07-02T01:00:00,RTO,75914
2024-07-01T09:45:00,2024-07-01T05:45:00,2024-07-02T06:00:00,2024-07-02T02:00:00,AEP,11917
2024-07-01T13:45:00,2024-07-01T09:45:00,2024-07-02T06:00:00,2024-07-02T02:00:00,AEP,11950
2024-07-01T15:45:00,2024-07-01T11:45:00,2024-07-02T06:00:00,2024-07-02T02:00:00,AEP,11950
2024-07-01T21:45:00,2024-07-01T17:45:00,2024-07-02T06:00:00,2024-07-02T02:00:00,AEP,11950
2024-07-02T03:45:00,2024-07-01T23:45:00,2024-07-02T06:00:00,2024-07-02T02:00:00,AEP,11893
2024-07-01T09:45:00,2024-07-01T05:45:00,2024-07-02T06:00:00,2024-07-02T02:00:00,APS,4319
2024-07-01T13:45:00,2024-07-01T09:45:00,2024-07-02T06:00:00,2024-07-02T02:00:00,APS,4353
2024-07-01T15:45:00,2024-07-01T11:45:00,2024-07-02T06:00:00,2024-07-02T02:00:00,APS,4353
2024-07-01T21:45:00,2024-07-01T17:45:00,2024-07-02T06:00:00,2024-07-02T02:00:00,APS,4353
2024-07-02T03:45:00,2024-07-01T23:45:00,2024-07-02T06:00:00,2024-07-02T02:00:00,APS,4352
2024-07-01T09:45:00,2024-07-01T05:45:00,2024-07-02T06:00:00,2024-07-02T02:00:00,COMED,8699
2024-07-01T13:45:00,2024-07-01T09:45:00,2024-07-02T06:00:00,2024-07-02T02:00:00,COMED,8776
2024-07-01T15:45:00,2024-07-01T11:45:00,2024-07-02T06:00:00,2024-07-02T02:00:00,COMED,8776
2024-07-01T21:45:00,2024-07-01T17:45:00,2024-07-02T06:00:00,2024-07-02T02:00:00,COMED,8776
2024-07-02T03:45:00,2024-07-01T23:45:00,2024-07-02T06:00:00,2024-07-02T02:00:00,COMED,8802
2024-07-01T09:45:00,2024-07-01T05:45:00,2024-07-02T06:00:00,2024-07-02T02:00:00,DEOK,2317
2024-07-01T13:45:00,2024-07-01T09:45:00,2024-07-02T06:00:00,2024-07-02T02:00:00,DEOK,2313
2024-07-01T15:45:00,2024-07-01T11:45:00,2024-07-02T06:00:00,2024-07-02T02:00:00,DEOK,2313
2024-07-01T21:45:00,2024-07-01T17:45:00,2024-07-02T06:00:00,2024-07-02T02:00:00,DEOK,2313
2024-07-02T03:45:00,2024-07-01T23:45:00,2024-07-02T06:00:00,2024-07-02T02:00:00,DEOK,2284
2024-07-01T09:45:00,2024-07-01T05:45:00,2024-07-02T06:00:00,2024-07-02T02:00:00,DOM,11474
2024-07-01T13:45:00,2024-07-01T09:45:00,2024-07-02T06:00:00,2024-07-02T02:00:00,DOM,11551
2024-07-01T15:45:00,2024-07-01T11:45:00,2024-07-02T06:00:00,2024-07-02T02:00:00,DOM,11551
2024-07-01T21:45:00,2024-07-01T17:45:00,2024-07-02T06:00:00,2024-07-02T02:00:00,DOM,11551
2024-07-02T03:45:00,2024-07-01T23:45:00,2024-07-02T06:00:00,2024-07-02T02:00:00,DOM,11436
2024-07-01T09:45:00,2024-07-01T05:45:00,2024-07-02T06:00:00,2024-07-02T02:00:00,DAY,1515
2024-07-01T13:45:00,2024-07-01T09:45:00,2024-07-02T06:00:00,2024-07-02T02:00:00,DAY,1510
2024-07-01T15:45:00,2024-07-01T11:45:00,2024-07-02T06:00:00,2024-07-02T02:00:00,DAY,1510
2024-07-01T21:45:00,2024-07-01T17:45:00,2024-07-02T06:00:00,2024-07-02T02:00:00,DAY,1510
2024-07-02T03:45:00,2024-07-01T23:45:00,2024-07-02T06:00:00,2024-07-02T02:00:00,DAY,1473
2024-07-01T09:45:00,2024-07-01T05:45:00,2024-07-02T06:00:00,2024-07-02T02:00:00,DUQ,1201
2024-07-01T13:45:00,2024-07-01T09:45:00,2024-07-02T06:00:00,2024-07-02T02:00:00,DUQ,1204
2024-07-01T15:45:00,2024-07-01T11:45:00,2024-07-02T06:00:00,2024-07-02T02:00:00,DUQ,1204
2024-07-01T21:45:00,2024-07-01T17:45:00,2024-07-02T06:00:00,2024-07-02T02:00:00,DUQ,1204
2024-07-02T03:45:00,2024-07-01T23:45:00,2024-07-02T06:00:00,2024-07-02T02:00:00,DUQ,1230
2024-07-01T09:45:00,2024-07-01T05:45:00,2024-07-02T06:00:00,2024-07-02T02:00:00,EKPC,1170
2024-07-01T13:45:00,2024-07-01T09:45:00,2024-07-02T06:00:00,2024-07-02T02:00:00,EKPC,1166
2024-07-01T15:45:00,2024-07-01T11:45:00,2024-07-02T06:00:00,2024-07-02T02:00:00,EKPC,1166
2024-07-01T21:45:00,2024-07-01T17:45:00,2024-07-02T06:00:00,2024-07-02T02:00:00,EKPC,1166
2024-07-02T03:45:00,2024-07-01T23:45:00,2024-07-02T06:00:00,2024-07-02T02:00:00,EKPC,1157
2024-07-01T09:45:00,2024-07-01T05:45:00,2024-07-02T06:00:00,2024-07-02T02:00:00,ATSI,6107
2024-07-01T13:45:00,2024-07-01T09:45:00,2024-07-02T06:00:00,2024-07-02T02:00:00,ATSI,6080
2024-07-01T15:45:00,2024-07-01T11:45:00,2024-07-02T06:00:00,2024-07-02T02:00:00,ATSI,6080
2024-07-01T21:45:00,2024-07-01T17:45:00,2024-07-02T06:00:00,2024-07-02T02:00:00,ATSI,6080
2024-07-02T03:45:00,2024-07-01T23:45:00,2024-07-02T06:00:00,2024-07-02T02:00:00,ATSI,6144
2024-07-01T09:45:00,2024-07-01T05:45:00,2024-07-02T06:00:00,2024-07-02T02:00:00,MIDATL,24157
2024-07-01T13:45:00,2024-07-01T09:45:00,2024-07-02T06:00:00,2024-07-02T02:00:00,MIDATL,24045
2024-07-01T15:45:00,2024-07-01T11:45:00,2024-07-02T06:00:00,2024-07-02T02:00:00,MIDATL,24045
2024-07-01T21:45:00,2024-07-01T17:45:00,2024-07-02T06:00:00,2024-07-02T02:00:00,MIDATL,24045
2024-07-02T03:45:00,2024-07-01T23:45:00,2024-07-02T06:00:00,2024-07-02T02:00:00,MIDATL,24595
2024-07-01T09:45:00,2024-07-01T05:45:00,2024-07-02T06:00:00,2024-07-02T02:00:00,RTO,72876
2024-07-01T13:45:00,2024-07-01T09:45:00,2024-07-02T06:00:00,2024-07-02T02:00:00,RTO,72948
2024-07-01T15:45:00,2024-07-01T11:45:00,2024-07-02T06:00:00,2024-07-02T02:00:00,RTO,72948
2024-07-01T21:45:00,2024-07-01T17:45:00,2024-07-02T06:00:00,2024-07-02T02:00:00,RTO,72948
2024-07-02T03:45:00,2024-07-01T23:45:00,2024-07-02T06:00:00,2024-07-02T02:00:00,RTO,73366
2024-07-01T09:45:00,2024-07-01T05:45:00,2024-07-02T07:00:00,2024-07-02T03:00:00,AEP,11724
2024-07-01T13:45:00,2024-07-01T09:45:00,2024-07-02T07:00:00,2024-07-02T03:00:00,AEP,11755
2024-07-01T15:45:00,2024-07-01T11:45:00,2024-07-02T07:00:00,2024-07-02T03:00:00,AEP,11755
2024-07-01T21:45:00,2024-07-01T17:45:00,2024-07-02T07:00:00,2024-07-02T03:00:00,AEP,11755
2024-07-02T03:45:00,2024-07-01T23:45:00,2024-07-02T07:00:00,2024-07-02T03:00:00,AEP,11698
2024-07-01T09:45:00,2024-07-01T05:45:00,2024-07-02T07:00:00,2024-07-02T03:00:00,APS,4266
2024-07-01T13:45:00,2024-07-01T09:45:00,2024-07-02T07:00:00,2024-07-02T03:00:00,APS,4300
2024-07-01T15:45:00,2024-07-01T11:45:00,2024-07-02T07:00:00,2024-07-02T03:00:00,APS,4300
2024-07-01T21:45:00,2024-07-01T17:45:00,2024-07-02T07:00:00,2024-07-02T03:00:00,APS,4300
2024-07-02T03:45:00,2024-07-01T23:45:00,2024-07-02T07:00:00,2024-07-02T03:00:00,APS,4316
2024-07-01T09:45:00,2024-07-01T05:45:00,2024-07-02T07:00:00,2024-07-02T03:00:00,COMED,8412
2024-07-01T13:45:00,2024-07-01T09:45:00,2024-07-02T07:00:00,2024-07-02T03:00:00,COMED,8497
2024-07-01T15:45:00,2024-07-01T11:45:00,2024-07-02T07:00:00,2024-07-02T03:00:00,COMED,8497
2024-07-01T21:45:00,2024-07-01T17:45:00,2024-07-02T07:00:00,2024-07-02T03:00:00,COMED,8497
2024-07-02T03:45:00,2024-07-01T23:45:00,2024-07-02T07:00:00,2024-07-02T03:00:00,COMED,8601
2024-07-01T09:45:00,2024-07-01T05:45:00,2024-07-02T07:00:00,2024-07-02T03:00:00,DEOK,2261
2024-07-01T13:45:00,2024-07-01T09:45:00,2024-07-02T07:00:00,2024-07-02T03:00:00,DEOK,2260
2024-07-01T15:45:00,2024-07-01T11:45:00,2024-07-02T07:00:00,2024-07-02T03:00:00,DEOK,2260
2024-07-01T21:45:00,2024-07-01T17:45:00,2024-07-02T07:00:00,2024-07-02T03:00:00,DEOK,2260
2024-07-02T03:45:00,2024-07-01T23:45:00,2024-07-02T07:00:00,2024-07-02T03:00:00,DEOK,2239
2024-07-01T09:45:00,2024-07-01T05:45:00,2024-07-02T07:00:00,2024-07-02T03:00:00,DOM,11284
2024-07-01T13:45:00,2024-07-01T09:45:00,2024-07-02T07:00:00,2024-07-02T03:00:00,DOM,11349
2024-07-01T15:45:00,2024-07-01T11:45:00,2024-07-02T07:00:00,2024-07-02T03:00:00,DOM,11349
2024-07-01T21:45:00,2024-07-01T17:45:00,2024-07-02T07:00:00,2024-07-02T03:00:00,DOM,11349
2024-07-02T03:45:00,2024-07-01T23:45:00,2024-07-02T07:00:00,2024-07-02T03:00:00,DOM,11291
2024-07-01T09:45:00,2024-07-01T05:45:00,2024-07-02T07:00:00,2024-07-02T03:00:00,DAY,1483
2024-07-01T13:45:00,2024-07-01T09:45:00,2024-07-02T07:00:00,2024-07-02T03:00:00,DAY,1478
2024-07-01T15:45:00,2024-07-01T11:45:00,2024-07-02T07:00:00,2024-07-02T03:00:00,DAY,1478
2024-07-01T21:45:00,2024-07-01T17:45:00,2024-07-02T07:00:00,2024-07-02T03:00:00,DAY,1478
2024-07-02T03:45:00,2024-07-01T23:45:00,2024-07-02T07:00:00,2024-07-02T03:00:00,DAY,1444
2024-07-01T09:45:00,2024-07-01T05:45:00,2024-07-02T07:00:00,2024-07-02T03:00:00,DUQ,1182
2024-07-01T13:45:00,2024-07-01T09:45:00,2024-07-02T07:00:00,2024-07-02T03:00:00,DUQ,1186
2024-07-01T15:45:00,2024-07-01T11:45:00,2024-07-02T07:00:00,2024-07-02T03:00:00,DUQ,1186
2024-07-01T21:45:00,2024-07-01T17:45:00,2024-07-02T07:00:00,2024-07-02T03:00:00,DUQ,1186
2024-07-02T03:45:00,2024-07-01T23:45:00,2024-07-02T07:00:00,2024-07-02T03:00:00,DUQ,1204
2024-07-01T09:45:00,2024-07-01T05:45:00,2024-07-02T07:00:00,2024-07-02T03:00:00,EKPC,1143
2024-07-01T13:45:00,2024-07-01T09:45:00,2024-07-02T07:00:00,2024-07-02T03:00:00,EKPC,1136
2024-07-01T15:45:00,2024-07-01T11:45:00,2024-07-02T07:00:00,2024-07-02T03:00:00,EKPC,1136
2024-07-01T21:45:00,2024-07-01T17:45:00,2024-07-02T07:00:00,2024-07-02T03:00:00,EKPC,1136
2024-07-02T03:45:00,2024-07-01T23:45:00,2024-07-02T07:00:00,2024-07-02T03:00:00,EKPC,1136
2024-07-01T09:45:00,2024-07-01T05:45:00,2024-07-02T07:00:00,2024-07-02T03:00:00,ATSI,6016
2024-07-01T13:45:00,2024-07-01T09:45:00,2024-07-02T07:00:00,2024-07-02T03:00:00,ATSI,6003
2024-07-01T15:45:00,2024-07-01T11:45:00,2024-07-02T07:00:00,2024-07-02T03:00:00,ATSI,6003
2024-07-01T21:45:00,2024-07-01T17:45:00,2024-07-02T07:00:00,2024-07-02T03:00:00,ATSI,6003
2024-07-02T03:45:00,2024-07-01T23:45:00,2024-07-02T07:00:00,2024-07-02T03:00:00,ATSI,6075
2024-07-01T09:45:00,2024-07-01T05:45:00,2024-07-02T07:00:00,2024-07-02T03:00:00,MIDATL,23644
2024-07-01T13:45:00,2024-07-01T09:45:00,2024-07-02T07:00:00,2024-07-02T03:00:00,MIDATL,23513
2024-07-01T15:45:00,2024-07-01T11:45:00,2024-07-02T07:00:00,2024-07-02T03:00:00,MIDATL,23513
2024-07-01T21:45:00,2024-07-01T17:45:00,2024-07-02T07:00:00,2024-07-02T03:00:00,MIDATL,23513
2024-07-02T03:45:00,2024-07-01T23:45:00,2024-07-02T07:00:00,2024-07-02T03:00:00,MIDATL,23925
2024-07-01T09:45:00,2024-07-01T05:45:00,2024-07-02T07:00:00,2024-07-02T03:00:00,RTO,71415
2024-07-01T13:45:00,2024-07-01T09:45:00,2024-07-02T07:00:00,2024-07-02T03:00:00,RTO,71477
2024-07-01T15:45:00,2024-07-01T11:45:00,2024-07-02T07:00:00,2024-07-02T03:00:00,RTO,71477
2024-07-01T21:45:00,2024-07-01T17:45:00,2024-07-02T07:00:00,2024-07-02T03:00:00,RTO,71477
2024-07-02T03:45:00,2024-07-01T23:45:00,2024-07-02T07:00:00,2024-07-02T03:00:00,RTO,71929
2024-07-01T09:45:00,2024-07-01T05:45:00,2024-07-02T08:00:00,2024-07-02T04:00:00,AEP,11833
2024-07-01T13:45:00,2024-07-01T09:45:00,2024-07-02T08:00:00,2024-07-02T04:00:00,AEP,11859
2024-07-01T15:45:00,2024-07-01T11:45:00,2024-07-02T08:00:00,2024-07-02T04:00:00,AEP,11859
2024-07-01T21:45:00,2024-07-01T17:45:00,2024-07-02T08:00:00,2024-07-02T04:00:00,AEP,11859
2024-07-02T03:45:00,2024-07-01T23:45:00,2024-07-02T08:00:00,2024-07-02T04:00:00,AEP,11821
2024-07-01T09:45:00,2024-07-01T05:45:00,2024-07-02T08:00:00,2024-07-02T04:00:00,APS,4288
2024-07-01T13:45:00,2024-07-01T09:45:00,2024-07-02T08:00:00,2024-07-02T04:00:00,APS,4324
2024-07-01T15:45:00,2024-07-01T11:45:00,2024-07-02T08:00:00,2024-07-02T04:00:00,APS,4324
2024-07-01T21:45:00,2024-07-01T17:45:00,2024-07-02T08:00:00,2024-07-02T04:00:00,APS,4324
2024-07-02T03:45:00,2024-07-01T23:45:00,2024-07-02T08:00:00,2024-07-02T04:00:00,APS,4340
2024-07-01T09:45:00,2024-07-01T05:45:00,2024-07-02T08:00:00,2024-07-02T04:00:00,COMED,8308
2024-07-01T13:45:00,2024-07-01T09:45:00,2024-07-02T08:00:00,2024-07-02T04:00:00,COMED,8396
2024-07-01T15:45:00,2024-07-01T11:45:00,2024-07-02T08:00:00,2024-07-02T04:00:00,COMED,8396
2024-07-01T21:45:00,2024-07-01T17:45:00,2024-07-02T08:00:00,2024-07-02T04:00:00,COMED,8396
2024-07-02T03:45:00,2024-07-01T23:45:00,2024-07-02T08:00:00,2024-07-02T04:00:00,COMED,8526
2024-07-01T09:45:00,2024-07-01T05:45:00,2024-07-02T08:00:00,2024-07-02T04:00:00,DEOK,2269
2024-07-01T13:45:00,2024-07-01T09:45:00,2024-07-02T08:00:00,2024-07-02T04:00:00,DEOK,2265
2024-07-01T15:45:00,2024-07-01T11:45:00,2024-07-02T08:00:00,2024-07-02T04:00:00,DEOK,2265
2024-07-01T21:45:00,2024-07-01T17:45:00,2024-07-02T08:00:00,2024-07-02T04:00:00,DEOK,2265
2024-07-02T03:45:00,2024-07-01T23:45:00,2024-07-02T08:00:00,2024-07-02T04:00:00,DEOK,2248
2024-07-01T09:45:00,2024-07-01T05:45:00,2024-07-02T08:00:00,2024-07-02T04:00:00,DOM,11309
2024-07-01T13:45:00,2024-07-01T09:45:00,2024-07-02T08:00:00,2024-07-02T04:00:00,DOM,11369
2024-07-01T15:45:00,2024-07-01T11:45:00,2024-07-02T08:00:00,2024-07-02T04:00:00,DOM,11369
2024-07-01T21:45:00,2024-07-01T17:45:00,2024-07-02T08:00:00,2024-07-02T04:00:00,DOM,11369
2024-07-02T03:45:00,2024-07-01T23:45:00,2024-07-02T08:00:00,2024-07-02T04:00:00,DOM,11326
2024-07-01T09:45:00,2024-07-01T05:45:00,2024-07-02T08:00:00,2024-07-02T04:00:00,DAY,1495
2024-07-01T13:45:00,2024-07-01T09:45:00,2024-07-02T08:00:00,2024-07-02T04:00:00,DAY,1492
2024-07-01T15:45:00,2024-07-01T11:45:00,2024-07-02T08:00:00,2024-07-02T04:00:00,DAY,1492
2024-07-01T21:45:00,2024-07-01T17:45:00,2024-07-02T08:00:00,2024-07-02T04:00:00,DAY,1492
2024-07-02T03:45:00,2024-07-01T23:45:00,2024-07-02T08:00:00,2024-07-02T04:00:00,DAY,1462
2024-07-01T09:45:00,2024-07-01T05:45:00,2024-07-02T08:00:00,2024-07-02T04:00:00,DUQ,1184
2024-07-01T13:45:00,2024-07-01T09:45:00,2024-07-02T08:00:00,2024-07-02T04:00:00,DUQ,1186
2024-07-01T15:45:00,2024-07-01T11:45:00,2024-07-02T08:00:00,2024-07-02T04:00:00,DUQ,1186
2024-07-01T21:45:00,2024-07-01T17:45:00,2024-07-02T08:00:00,2024-07-02T04:00:00,DUQ,1186
2024-07-02T03:45:00,2024-07-01T23:45:00,2024-07-02T08:00:00,2024-07-02T04:00:00,DUQ,1196
2024-07-01T09:45:00,2024-07-01T05:45:00,2024-07-02T08:00:00,2024-07-02T04:00:00,EKPC,1121
2024-07-01T13:45:00,2024-07-01T09:45:00,2024-07-02T08:00:00,2024-07-02T04:00:00,EKPC,1116
2024-07-01T15:45:00,2024-07-01T11:45:00,2024-07-02T08:00:00,2024-07-02T04:00:00,EKPC,1116
2024-07-01T21:45:00,2024-07-01T17:45:00,2024-07-02T08:00:00,2024-07-02T04:00:00,EKPC,1116
2024-07-02T03:45:00,2024-07-01T23:45:00,2024-07-02T08:00:00,2024-07-02T04:00:00,EKPC,1123
2024-07-01T09:45:00,2024-07-01T05:45:00,2024-07-02T08:00:00,2024-07-02T04:00:00,ATSI,6089
2024-07-01T13:45:00,2024-07-01T09:45:00,2024-07-02T08:00:00,2024-07-02T04:00:00,ATSI,6076
2024-07-01T15:45:00,2024-07-01T11:45:00,2024-07-02T08:00:00,2024-07-02T04:00:00,ATSI,6076
2024-07-01T21:45:00,2024-07-01T17:45:00,2024-07-02T08:00:00,2024-07-02T04:00:00,ATSI,6076
2024-07-02T03:45:00,2024-07-01T23:45:00,2024-07-02T08:00:00,2024-07-02T04:00:00,ATSI,6124
2024-07-01T09:45:00,2024-07-01T05:45:00,2024-07-02T08:00:00,2024-07-02T04:00:00,MIDATL,23806
2024-07-01T13:45:00,2024-07-01T09:45:00,2024-07-02T08:00:00,2024-07-02T04:00:00,MIDATL,23665
2024-07-01T15:45:00,2024-07-01T11:45:00,2024-07-02T08:00:00,2024-07-02T04:00:00,MIDATL,23665
2024-07-01T21:45:00,2024-07-01T17:45:00,2024-07-02T08:00:00,2024-07-02T04:00:00,MIDATL,23665
2024-07-02T03:45:00,2024-07-01T23:45:00,2024-07-02T08:00:00,2024-07-02T04:00:00,MIDATL,23802
2024-07-01T09:45:00,2024-07-01T05:45:00,2024-07-02T08:00:00,2024-07-02T04:00:00,RTO,71702
2024-07-01T13:45:00,2024-07-01T09:45:00,2024-07-02T08:00:00,2024-07-02T04:00:00,RTO,71748
2024-07-01T15:45:00,2024-07-01T11:45:00,2024-07-02T08:00:00,2024-07-02T04:00:00,RTO,71748
2024-07-01T21:45:00,2024-07-01T17:45:00,2024-07-02T08:00:00,2024-07-02T04:00:00,RTO,71748
2024-07-02T03:45:00,2024-07-01T23:45:00,2024-07-02T08:00:00,2024-07-02T04:00:00,RTO,71968
2024-07-02T09:45:00,2024-07-02T05:45:00,2024-07-02T08:00:00,2024-07-02T04:00:00,AEP,11608
2024-07-02T09:45:00,2024-07-02T05:45:00,2024-07-02T08:00:00,2024-07-02T04:00:00,APS,4268
2024-07-02T09:45:00,2024-07-02T05:45:00,2024-07-02T08:00:00,2024-07-02T04:00:00,COMED,8573
2024-07-02T09:45:00,2024-07-02T05:45:00,2024-07-02T08:00:00,2024-07-02T04:00:00,DEOK,2239
2024-07-02T09:45:00,2024-07-02T05:45:00,2024-07-02T08:00:00,2024-07-02T04:00:00,DOM,11109
2024-07-02T09:45:00,2024-07-02T05:45:00,2024-07-02T08:00:00,2024-07-02T04:00:00,DAY,1406
2024-07-02T09:45:00,2024-07-02T05:45:00,2024-07-02T08:00:00,2024-07-02T04:00:00,DUQ,1224
2024-07-02T09:45:00,2024-07-02T05:45:00,2024-07-02T08:00:00,2024-07-02T04:00:00,EKPC,1005
2024-07-02T09:45:00,2024-07-02T05:45:00,2024-07-02T08:00:00,2024-07-02T04:00:00,ATSI,6052
2024-07-02T09:45:00,2024-07-02T05:45:00,2024-07-02T08:00:00,2024-07-02T04:00:00,MIDATL,23734
2024-07-02T09:45:00,2024-07-02T05:45:00,2024-07-02T08:00:00,2024-07-02T04:00:00,RTO,71218
2024-07-01T09:45:00,2024-07-01T05:45:00,2024-07-02T09:00:00,2024-07-02T05:00:00,AEP,12267
2024-07-01T13:45:00,2024-07-01T09:45:00,2024-07-02T09:00:00,2024-07-02T05:00:00,AEP,12281
2024-07-01T15:45:00,2024-07-01T11:45:00,2024-07-02T09:00:00,2024-07-02T05:00:00,AEP,12281
2024-07-01T21:45:00,2024-07-01T17:45:00,2024-07-02T09:00:00,2024-07-02T05:00:00,AEP,12281
2024-07-02T03:45:00,2024-07-01T23:45:00,2024-07-02T09:00:00,2024-07-02T05:00:00,AEP,12167
2024-07-01T09:45:00,2024-07-01T05:45:00,2024-07-02T09:00:00,2024-07-02T05:00:00,APS,4465
2024-07-01T13:45:00,2024-07-01T09:45:00,2024-07-02T09:00:00,2024-07-02T05:00:00,APS,4499
2024-07-01T15:45:00,2024-07-01T11:45:00,2024-07-02T09:00:00,2024-07-02T05:00:00,APS,4499
2024-07-01T21:45:00,2024-07-01T17:45:00,2024-07-02T09:00:00,2024-07-02T05:00:00,APS,4499
2024-07-02T03:45:00,2024-07-01T23:45:00,2024-07-02T09:00:00,2024-07-02T05:00:00,APS,4499
2024-07-01T09:45:00,2024-07-01T05:45:00,2024-07-02T09:00:00,2024-07-02T05:00:00,COMED,8402
2024-07-01T13:45:00,2024-07-01T09:45:00,2024-07-02T09:00:00,2024-07-02T05:00:00,COMED,8495
2024-07-01T15:45:00,2024-07-01T11:45:00,2024-07-02T09:00:00,2024-07-02T05:00:00,COMED,8495
2024-07-01T21:45:00,2024-07-01T17:45:00,2024-07-02T09:00:00,2024-07-02T05:00:00,COMED,8495
2024-07-02T03:45:00,2024-07-01T23:45:00,2024-07-02T09:00:00,2024-07-02T05:00:00,COMED,8599
2024-07-01T09:45:00,2024-07-01T05:45:00,2024-07-02T09:00:00,2024-07-02T05:00:00,DEOK,2363
2024-07-01T13:45:00,2024-07-01T09:45:00,2024-07-02T09:00:00,2024-07-02T05:00:00,DEOK,2363
2024-07-01T15:45:00,2024-07-01T11:45:00,2024-07-02T09:00:00,2024-07-02T05:00:00,DEOK,2363
2024-07-01T21:45:00,2024-07-01T17:45:00,2024-07-02T09:00:00,2024-07-02T05:00:00,DEOK,2363
2024-07-02T03:45:00,2024-07-01T23:45:00,2024-07-02T09:00:00,2024-07-02T05:00:00,DEOK,2363
2024-07-01T09:45:00,2024-07-01T05:45:00,2024-07-02T09:00:00,2024-07-02T05:00:00,DOM,11652
2024-07-01T13:45:00,2024-07-01T09:45:00,2024-07-02T09:00:00,2024-07-02T05:00:00,DOM,11678
2024-07-01T15:45:00,2024-07-01T11:45:00,2024-07-02T09:00:00,2024-07-02T05:00:00,DOM,11678
2024-07-01T21:45:00,2024-07-01T17:45:00,2024-07-02T09:00:00,2024-07-02T05:00:00,DOM,11678
2024-07-02T03:45:00,2024-07-01T23:45:00,2024-07-02T09:00:00,2024-07-02T05:00:00,DOM,11678
2024-07-01T09:45:00,2024-07-01T05:45:00,2024-07-02T09:00:00,2024-07-02T05:00:00,DAY,1561
2024-07-01T13:45:00,2024-07-01T09:45:00,2024-07-02T09:00:00,2024-07-02T05:00:00,DAY,1559
2024-07-01T15:45:00,2024-07-01T11:45:00,2024-07-02T09:00:00,2024-07-02T05:00:00,DAY,1559
2024-07-01T21:45:00,2024-07-01T17:45:00,2024-07-02T09:00:00,2024-07-02T05:00:00,DAY,1559
2024-07-02T03:45:00,2024-07-01T23:45:00,2024-07-02T09:00:00,2024-07-02T05:00:00,DAY,1559
2024-07-01T09:45:00,2024-07-01T05:45:00,2024-07-02T09:00:00,2024-07-02T05:00:00,DUQ,1223
2024-07-01T13:45:00,2024-07-01T09:45:00,2024-07-02T09:00:00,2024-07-02T05:00:00,DUQ,1225
2024-07-01T15:45:00,2024-07-01T11:45:00,2024-07-02T09:00:00,2024-07-02T05:00:00,DUQ,1225
2024-07-01T21:45:00,2024-07-01T17:45:00,2024-07-02T09:00:00,2024-07-02T05:00:00,DUQ,1225
2024-07-02T03:45:00,2024-07-01T23:45:00,2024-07-02T09:00:00,2024-07-02T05:00:00,DUQ,1230
2024-07-01T09:45:00,2024-07-01T05:45:00,2024-07-02T09:00:00,2024-07-02T05:00:00,EKPC,1146
2024-07-01T13:45:00,2024-07-01T09:45:00,2024-07-02T09:00:00,2024-07-02T05:00:00,EKPC,1136
2024-07-01T15:45:00,2024-07-01T11:45:00,2024-07-02T09:00:00,2024-07-02T05:00:00,EKPC,1136
2024-07-01T21:45:00,2024-07-01T17:45:00,2024-07-02T09:00:00,2024-07-02T05:00:00,EKPC,1136
2024-07-02T03:45:00,2024-07-01T23:45:00,2024-07-02T09:00:00,2024-07-02T05:00:00,EKPC,1136
2024-07-01T09:45:00,2024-07-01T05:45:00,2024-07-02T09:00:00,2024-07-02T05:00:00,ATSI,6294
2024-07-01T13:45:00,2024-07-01T09:45:00,2024-07-02T09:00:00,2024-07-02T05:00:00,ATSI,6303
2024-07-01T15:45:00,2024-07-01T11:45:00,2024-07-02T09:00:00,2024-07-02T05:00:00,ATSI,6303
2024-07-01T21:45:00,2024-07-01T17:45:00,2024-07-02T09:00:00,2024-07-02T05:00:00,ATSI,6303
2024-07-02T03:45:00,2024-07-01T23:45:00,2024-07-02T09:00:00,2024-07-02T05:00:00,ATSI,6303
2024-07-01T09:45:00,2024-07-01T05:45:00,2024-07-02T09:00:00,2024-07-02T05:00:00,MIDATL,24716
2024-07-01T13:45:00,2024-07-01T09:45:00,2024-07-02T09:00:00,2024-07-02T05:00:00,MIDATL,24588
2024-07-01T15:45:00,2024-07-01T11:45:00,2024-07-02T09:00:00,2024-07-02T05:00:00,MIDATL,24588
2024-07-01T21:45:00,2024-07-01T17:45:00,2024-07-02T09:00:00,2024-07-02T05:00:00,MIDATL,24588
2024-07-02T03:45:00,2024-07-01T23:45:00,2024-07-02T09:00:00,2024-07-02T05:00:00,MIDATL,24588
2024-07-01T09:45:00,2024-07-01T05:45:00,2024-07-02T09:00:00,2024-07-02T05:00:00,RTO,74089
2024-07-01T13:45:00,2024-07-01T09:45:00,2024-07-02T09:00:00,2024-07-02T05:00:00,RTO,74127
2024-07-01T15:45:00,2024-07-01T11:45:00,2024-07-02T09:00:00,2024-07-02T05:00:00,RTO,74127
2024-07-01T21:45:00,2024-07-01T17:45:00,2024-07-02T09:00:00,2024-07-02T05:00:00,RTO,74127
2024-07-02T03:45:00,2024-07-01T23:45:00,2024-07-02T09:00:00,2024-07-02T05:00:00,RTO,74122
2024-07-02T09:45:00,2024-07-02T05:45:00,2024-07-02T09:00:00,2024-07-02T05:00:00,AEP,11995
2024-07-02T09:45:00,2024-07-02T05:45:00,2024-07-02T09:00:00,2024-07-02T05:00:00,APS,4418
2024-07-02T09:45:00,2024-07-02T05:45:00,2024-07-02T09:00:00,2024-07-02T05:00:00,COMED,8672
2024-07-02T09:45:00,2024-07-02T05:45:00,2024-07-02T09:00:00,2024-07-02T05:00:00,DEOK,2329
2024-07-02T09:45:00,2024-07-02T05:45:00,2024-07-02T09:00:00,2024-07-02T05:00:00,DOM,11333
2024-07-02T09:45:00,2024-07-02T05:45:00,2024-07-02T09:00:00,2024-07-02T05:00:00,DAY,1468
2024-07-02T09:45:00,2024-07-02T05:45:00,2024-07-02T09:00:00,2024-07-02T05:00:00,DUQ,1249
2024-07-02T09:45:00,2024-07-02T05:45:00,2024-07-02T09:00:00,2024-07-02T05:00:00,EKPC,1030
2024-07-02T09:45:00,2024-07-02T05:45:00,2024-07-02T09:00:00,2024-07-02T05:00:00,ATSI,6271
2024-07-02T09:45:00,2024-07-02T05:45:00,2024-07-02T09:00:00,2024-07-02T05:00:00,MIDATL,24588
2024-07-02T09:45:00,2024-07-02T05:45:00,2024-07-02T09:00:00,2024-07-02T05:00:00,RTO,73353
2024-07-01T09:45:00,2024-07-01T05:45:00,2024-07-02T10:00:00,2024-07-02T06:00:00,AEP,12893
2024-07-01T13:45:00,2024-07-01T09:45:00,2024-07-02T10:00:00,2024-07-02T06:00:00,AEP,12902
2024-07-01T15:45:00,2024-07-01T11:45:00,2024-07-02T10:00:00,2024-07-02T06:00:00,AEP,12902
2024-07-01T21:45:00,2024-07-01T17:45:00,2024-07-02T10:00:00,2024-07-02T06:00:00,AEP,12902
2024-07-02T03:45:00,2024-07-01T23:45:00,2024-07-02T10:00:00,2024-07-02T06:00:00,AEP,12788
2024-07-01T09:45:00,2024-07-01T05:45:00,2024-07-02T10:00:00,2024-07-02T06:00:00,APS,4683
2024-07-01T13:45:00,2024-07-01T09:45:00,2024-07-02T10:00:00,2024-07-02T06:00:00,APS,4730
2024-07-01T15:45:00,2024-07-01T11:45:00,2024-07-02T10:00:00,2024-07-02T06:00:00,APS,4730
2024-07-01T21:45:00,2024-07-01T17:45:00,2024-07-02T10:00:00,2024-07-02T06:00:00,APS,4730
2024-07-02T03:45:00,2024-07-01T23:45:00,2024-07-02T10:00:00,2024-07-02T06:00:00,APS,4730
2024-07-01T09:45:00,2024-07-01T05:45:00,2024-07-02T10:00:00,2024-07-02T06:00:00,COMED,8733
2024-07-01T13:45:00,2024-07-01T09:45:00,2024-07-02T10:00:00,2024-07-02T06:00:00,COMED,8842
2024-07-01T15:45:00,2024-07-01T11:45:00,2024-07-02T10:00:00,2024-07-02T06:00:00,COMED,8842
2024-07-01T21:45:00,2024-07-01T17:45:00,2024-07-02T10:00:00,2024-07-02T06:00:00,COMED,8842
2024-07-02T03:45:00,2024-07-01T23:45:00,2024-07-02T10:00:00,2024-07-02T06:00:00,COMED,8907
2024-07-01T09:45:00,2024-07-01T05:45:00,2024-07-02T10:00:00,2024-07-02T06:00:00,DEOK,2497
2024-07-01T13:45:00,2024-07-01T09:45:00,2024-07-02T10:00:00,2024-07-02T06:00:00,DEOK,2500
2024-07-01T15:45:00,2024-07-01T11:45:00,2024-07-02T10:00:00,2024-07-02T06:00:00,DEOK,2500
2024-07-01T21:45:00,2024-07-01T17:45:00,2024-07-02T10:00:00,2024-07-02T06:00:00,DEOK,2500
2024-07-02T03:45:00,2024-07-01T23:45:00,2024-07-02T10:00:00,2024-07-02T06:00:00,DEOK,2500
2024-07-01T09:45:00,2024-07-01T05:45:00,2024-07-02T10:00:00,2024-07-02T06:00:00,DOM,12196
2024-07-01T13:45:00,2024-07-01T09:45:00,2024-07-02T10:00:00,2024-07-02T06:00:00,DOM,12210
2024-07-01T15:45:00,2024-07-01T11:45:00,2024-07-02T10:00:00,2024-07-02T06:00:00,DOM,12210
2024-07-01T21:45:00,2024-07-01T17:45:00,2024-07-02T10:00:00,2024-07-02T06:00:00,DOM,12210
2024-07-02T03:45:00,2024-07-01T23:45:00,2024-07-02T10:00:00,2024-07-02T06:00:00,DOM,12210
2024-07-01T09:45:00,2024-07-01T05:45:00,2024-07-02T10:00:00,2024-07-02T06:00:00,DAY,1667
2024-07-01T13:45:00,2024-07-01T09:45:00,2024-07-02T10:00:00,2024-07-02T06:00:00,DAY,1668
2024-07-01T15:45:00,2024-07-01T11:45:00,2024-07-02T10:00:00,2024-07-02T06:00:00,DAY,1668
2024-07-01T21:45:00,2024-07-01T17:45:00,2024-07-02T10:00:00,2024-07-02T06:00:00,DAY,1668
2024-07-02T03:45:00,2024-07-01T23:45:00,2024-07-02T10:00:00,2024-07-02T06:00:00,DAY,1668
2024-07-01T09:45:00,2024-07-01T05:45:00,2024-07-02T10:00:00,2024-07-02T06:00:00,DUQ,1278
2024-07-01T13:45:00,2024-07-01T09:45:00,2024-07-02T10:00:00,2024-07-02T06:00:00,DUQ,1280
2024-07-01T15:45:00,2024-07-01T11:45:00,2024-07-02T10:00:00,2024-07-02T06:00:00,DUQ,1280
2024-07-01T21:45:00,2024-07-01T17:45:00,2024-07-02T10:00:00,2024-07-02T06:00:00,DUQ,1280
2024-07-02T03:45:00,2024-07-01T23:45:00,2024-07-02T10:00:00,2024-07-02T06:00:00,DUQ,1280
2024-07-01T09:45:00,2024-07-01T05:45:00,2024-07-02T10:00:00,2024-07-02T06:00:00,EKPC,1215
2024-07-01T13:45:00,2024-07-01T09:45:00,2024-07-02T10:00:00,2024-07-02T06:00:00,EKPC,1205
2024-07-01T15:45:00,2024-07-01T11:45:00,2024-07-02T10:00:00,2024-07-02T06:00:00,EKPC,1205
2024-07-01T21:45:00,2024-07-01T17:45:00,2024-07-02T10:00:00,2024-07-02T06:00:00,EKPC,1205
2024-07-02T03:45:00,2024-07-01T23:45:00,2024-07-02T10:00:00,2024-07-02T06:00:00,EKPC,1205
2024-07-01T09:45:00,2024-07-01T05:45:00,2024-07-02T10:00:00,2024-07-02T06:00:00,ATSI,6648
2024-07-01T13:45:00,2024-07-01T09:45:00,2024-07-02T10:00:00,2024-07-02T06:00:00,ATSI,6675
2024-07-01T15:45:00,2024-07-01T11:45:00,2024-07-02T10:00:00,2024-07-02T06:00:00,ATSI,6675
2024-07-01T21:45:00,2024-07-01T17:45:00,2024-07-02T10:00:00,2024-07-02T06:00:00,ATSI,6675
2024-07-02T03:45:00,2024-07-01T23:45:00,2024-07-02T10:00:00,2024-07-02T06:00:00,ATSI,6675
2024-07-01T09:45:00,2024-07-01T05:45:00,2024-07-02T10:00:00,2024-07-02T06:00:00,MIDATL,26518
2024-07-01T13:45:00,2024-07-01T09:45:00,2024-07-02T10:00:00,2024-07-02T06:00:00,MIDATL,26435
2024-07-01T15:45:00,2024-07-01T11:45:00,2024-07-02T10:00:00,2024-07-02T06:00:00,MIDATL,26435
2024-07-01T21:45:00,2024-07-01T17:45:00,2024-07-02T10:00:00,2024-07-02T06:00:00,MIDATL,26435
2024-07-02T03:45:00,2024-07-01T23:45:00,2024-07-02T10:00:00,2024-07-02T06:00:00,MIDATL,26435
2024-07-01T09:45:00,2024-07-01T05:45:00,2024-07-02T10:00:00,2024-07-02T06:00:00,RTO,78328
2024-07-01T13:45:00,2024-07-01T09:45:00,2024-07-02T10:00:00,2024-07-02T06:00:00,RTO,78447
2024-07-01T15:45:00,2024-07-01T11:45:00,2024-07-02T10:00:00,2024-07-02T06:00:00,RTO,78447
2024-07-01T21:45:00,2024-07-01T17:45:00,2024-07-02T10:00:00,2024-07-02T06:00:00,RTO,78447
2024-07-02T03:45:00,2024-07-01T23:45:00,2024-07-02T10:00:00,2024-07-02T06:00:00,RTO,78398
2024-07-02T09:45:00,2024-07-02T05:45:00,2024-07-02T10:00:00,2024-07-02T06:00:00,AEP,12559
2024-07-02T09:45:00,2024-07-02T05:45:00,2024-07-02T10:00:00,2024-07-02T06:00:00,APS,4682
2024-07-02T09:45:00,2024-07-02T05:45:00,2024-07-02T10:00:00,2024-07-02T06:00:00,COMED,9054
2024-07-02T09:45:00,2024-07-02T05:45:00,2024-07-02T10:00:00,2024-07-02T06:00:00,DEOK,2466
2024-07-02T09:45:00,2024-07-02T05:45:00,2024-07-02T10:00:00,2024-07-02T06:00:00,DOM,11880
2024-07-02T09:45:00,2024-07-02T05:45:00,2024-07-02T10:00:00,2024-07-02T06:00:00,DAY,1577
2024-07-02T09:45:00,2024-07-02T05:45:00,2024-07-02T10:00:00,2024-07-02T06:00:00,DUQ,1293
2024-07-02T09:45:00,2024-07-02T05:45:00,2024-07-02T10:00:00,2024-07-02T06:00:00,EKPC,1116
2024-07-02T09:45:00,2024-07-02T05:45:00,2024-07-02T10:00:00,2024-07-02T06:00:00,ATSI,6643
2024-07-02T09:45:00,2024-07-02T05:45:00,2024-07-02T10:00:00,2024-07-02T06:00:00,MIDATL,26435
2024-07-02T09:45:00,2024-07-02T05:45:00,2024-07-02T10:00:00,2024-07-02T06:00:00,RTO,77705
2024-07-01T09:45:00,2024-07-01T05:45:00,2024-07-02T11:00:00,2024-07-02T07:00:00,AEP,13515
2024-07-01T13:45:00,2024-07-01T09:45:00,2024-07-02T11:00:00,2024-07-02T07:00:00,AEP,13535
2024-07-01T15:45:00,2024-07-01T11:45:00,2024-07-02T11:00:00,2024-07-02T07:00:00,AEP,13535
2024-07-01T21:45:00,2024-07-01T17:45:00,2024-07-02T11:00:00,2024-07-02T07:00:00,AEP,13535
2024-07-02T03:45:00,2024-07-01T23:45:00,2024-07-02T11:00:00,2024-07-02T07:00:00,AEP,13535
2024-07-01T09:45:00,2024-07-01T05:45:00,2024-07-02T11:00:00,2024-07-02T07:00:00,APS,4958
2024-07-01T13:45:00,2024-07-01T09:45:00,2024-07-02T11:00:00,2024-07-02T07:00:00,APS,5011
2024-07-01T15:45:00,2024-07-01T11:45:00,2024-07-02T11:00:00,2024-07-02T07:00:00,APS,5011
2024-07-01T21:45:00,2024-07-01T17:45:00,2024-07-02T11:00:00,2024-07-02T07:00:00,APS,5011
2024-07-02T03:45:00,2024-07-01T23:45:00,2024-07-02T11:00:00,2024-07-02T07:00:00,APS,5011
2024-07-01T09:45:00,2024-07-01T05:45:00,2024-07-02T11:00:00,2024-07-02T07:00:00,COMED,9408
2024-07-01T13:45:00,2024-07-01T09:45:00,2024-07-02T11:00:00,2024-07-02T07:00:00,COMED,9546
2024-07-01T15:45:00,2024-07-01T11:45:00,2024-07-02T11:00:00,2024-07-02T07:00:00,COMED,9546
2024-07-01T21:45:00,2024-07-01T17:45:00,2024-07-02T11:00:00,2024-07-02T07:00:00,COMED,9546
2024-07-02T03:45:00,2024-07-01T23:45:00,2024-07-02T11:00:00,2024-07-02T07:00:00,COMED,9546
2024-07-01T09:45:00,2024-07-01T05:45:00,2024-07-02T11:00:00,2024-07-02T07:00:00,DEOK,2680
2024-07-01T13:45:00,2024-07-01T09:45:00,2024-07-02T11:00:00,2024-07-02T07:00:00,DEOK,2682
2024-07-01T15:45:00,2024-07-01T11:45:00,2024-07-02T11:00:00,2024-07-02T07:00:00,DEOK,2682
2024-07-01T21:45:00,2024-07-01T17:45:00,2024-07-02T11:00:00,2024-07-02T07:00:00,DEOK,2682
2024-07-02T03:45:00,2024-07-01T23:45:00,2024-07-02T11:00:00,2024-07-02T07:00:00,DEOK,2682
2024-07-01T09:45:00,2024-07-01T05:45:00,2024-07-02T11:00:00,2024-07-02T07:00:00,DOM,12842
2024-07-01T13:45:00,2024-07-01T09:45:00,2024-07-02T11:00:00,2024-07-02T07:00:00,DOM,12831
2024-07-01T15:45:00,2024-07-01T11:45:00,2024-07-02T11:00:00,2024-07-02T07:00:00,DOM,12831
2024-07-01T21:45:00,2024-07-01T17:45:00,2024-07-02T11:00:00,2024-07-02T07:00:00,DOM,12831
2024-07-02T03:45:00,2024-07-01T23:45:00,2024-07-02T11:00:00,2024-07-02T07:00:00,DOM,12831
2024-07-01T09:45:00,2024-07-01T05:45:00,2024-07-02T11:00:00,2024-07-02T07:00:00,DAY,1799
2024-07-01T13:45:00,2024-07-01T09:45:00,2024-07-02T11:00:00,2024-07-02T07:00:00,DAY,1800
2024-07-01T15:45:00,2024-07-01T11:45:00,2024-07-02T11:00:00,2024-07-02T07:00:00,DAY,1800
2024-07-01T21:45:00,2024-07-01T17:45:00,2024-07-02T11:00:00,2024-07-02T07:00:00,DAY,1800
2024-07-02T03:45:00,2024-07-01T23:45:00,2024-07-02T11:00:00,2024-07-02T07:00:00,DAY,1800
2024-07-01T09:45:00,2024-07-01T05:45:00,2024-07-02T11:00:00,2024-07-02T07:00:00,DUQ,1361
2024-07-01T13:45:00,2024-07-01T09:45:00,2024-07-02T11:00:00,2024-07-02T07:00:00,DUQ,1363
2024-07-01T15:45:00,2024-07-01T11:45:00,2024-07-02T11:00:00,2024-07-02T07:00:00,DUQ,1363
2024-07-01T21:45:00,2024-07-01T17:45:00,2024-07-02T11:00:00,2024-07-02T07:00:00,DUQ,1363
2024-07-02T03:45:00,2024-07-01T23:45:00,2024-07-02T11:00:00,2024-07-02T07:00:00,DUQ,1363
2024-07-01T09:45:00,2024-07-01T05:45:00,2024-07-02T11:00:00,2024-07-02T07:00:00,EKPC,1263
2024-07-01T13:45:00,2024-07-01T09:45:00,2024-07-02T11:00:00,2024-07-02T07:00:00,EKPC,1267
2024-07-01T15:45:00,2024-07-01T11:45:00,2024-07-02T11:00:00,2024-07-02T07:00:00,EKPC,1267
2024-07-01T21:45:00,2024-07-01T17:45:00,2024-07-02T11:00:00,2024-07-02T07:00:00,EKPC,1267
2024-07-02T03:45:00,2024-07-01T23:45:00,2024-07-02T11:00:00,2024-07-02T07:00:00,EKPC,1267
2024-07-01T09:45:00,2024-07-01T05:45:00,2024-07-02T11:00:00,2024-07-02T07:00:00,ATSI,7106
2024-07-01T13:45:00,2024-07-01T09:45:00,2024-07-02T11:00:00,2024-07-02T07:00:00,ATSI,7153
2024-07-01T15:45:00,2024-07-01T11:45:00,2024-07-02T11:00:00,2024-07-02T07:00:00,ATSI,7153
2024-07-01T21:45:00,2024-07-01T17:45:00,2024-07-02T11:00:00,2024-07-02T07:00:00,ATSI,7153
2024-07-02T03:45:00,2024-07-01T23:45:00,2024-07-02T11:00:00,2024-07-02T07:00:00,ATSI,7153
2024-07-01T09:45:00,2024-07-01T05:45:00,2024-07-02T11:00:00,2024-07-02T07:00:00,MIDATL,28455
2024-07-01T13:45:00,2024-07-01T09:45:00,2024-07-02T11:00:00,2024-07-02T07:00:00,MIDATL,28329
2024-07-01T15:45:00,2024-07-01T11:45:00,2024-07-02T11:00:00,2024-07-02T07:00:00,MIDATL,28329
2024-07-01T21:45:00,2024-07-01T17:45:00,2024-07-02T11:00:00,2024-07-02T07:00:00,MIDATL,28256
2024-07-02T03:45:00,2024-07-01T23:45:00,2024-07-02T11:00:00,2024-07-02T07:00:00,MIDATL,28256
2024-07-01T09:45:00,2024-07-01T05:45:00,2024-07-02T11:00:00,2024-07-02T07:00:00,RTO,83387
2024-07-01T13:45:00,2024-07-01T09:45:00,2024-07-02T11:00:00,2024-07-02T07:00:00,RTO,83517
2024-07-01T15:45:00,2024-07-01T11:45:00,2024-07-02T11:00:00,2024-07-02T07:00:00,RTO,83517
2024-07-01T21:45:00,2024-07-01T17:45:00,2024-07-02T11:00:00,2024-07-02T07:00:00,RTO,83444
2024-07-02T03:45:00,2024-07-01T23:45:00,2024-07-02T11:00:00,2024-07-02T07:00:00,RTO,83444
2024-07-02T09:45:00,2024-07-02T05:45:00,2024-07-02T11:00:00,2024-07-02T07:00:00,AEP,13168
2024-07-02T09:45:00,2024-07-02T05:45:00,2024-07-02T11:00:00,2024-07-02T07:00:00,APS,4983
2024-07-02T09:45:00,2024-07-02T05:45:00,2024-07-02T11:00:00,2024-07-02T07:00:00,COMED,9719
2024-07-02T09:45:00,2024-07-02T05:45:00,2024-07-02T11:00:00,2024-07-02T07:00:00,DEOK,2636
2024-07-02T09:45:00,2024-07-02T05:45:00,2024-07-02T11:00:00,2024-07-02T07:00:00,DOM,12403
2024-07-02T09:45:00,2024-07-02T05:45:00,2024-07-02T11:00:00,2024-07-02T07:00:00,DAY,1718
2024-07-02T09:45:00,2024-07-02T05:45:00,2024-07-02T11:00:00,2024-07-02T07:00:00,DUQ,1363
2024-07-02T09:45:00,2024-07-02T05:45:00,2024-07-02T11:00:00,2024-07-02T07:00:00,EKPC,1198
2024-07-02T09:45:00,2024-07-02T05:45:00,2024-07-02T11:00:00,2024-07-02T07:00:00,ATSI,7153
2024-07-02T09:45:00,2024-07-02T05:45:00,2024-07-02T11:00:00,2024-07-02T07:00:00,MIDATL,28256
2024-07-02T09:45:00,2024-07-02T05:45:00,2024-07-02T11:00:00,2024-07-02T07:00:00,RTO,82597
2024-07-01T09:45:00,2024-07-01T05:45:00,2024-07-02T12:00:00,2024-07-02T08:00:00,AEP,14074
2024-07-01T13:45:00,2024-07-01T09:45:00,2024-07-02T12:00:00,2024-07-02T08:00:00,AEP,14091
2024-07-01T15:45:00,2024-07-01T11:45:00,2024-07-02T12:00:00,2024-07-02T08:00:00,AEP,14091
2024-07-01T21:45:00,2024-07-01T17:45:00,2024-07-02T12:00:00,2024-07-02T08:00:00,AEP,14091
2024-07-02T03:45:00,2024-07-01T23:45:00,2024-07-02T12:00:00,2024-07-02T08:00:00,AEP,14091
2024-07-01T09:45:00,2024-07-01T05:45:00,2024-07-02T12:00:00,2024-07-02T08:00:00,APS,5182
2024-07-01T13:45:00,2024-07-01T09:45:00,2024-07-02T12:00:00,2024-07-02T08:00:00,APS,5235
2024-07-01T15:45:00,2024-07-01T11:45:00,2024-07-02T12:00:00,2024-07-02T08:00:00,APS,5235
2024-07-01T21:45:00,2024-07-01T17:45:00,2024-07-02T12:00:00,2024-07-02T08:00:00,APS,5235
2024-07-02T03:45:00,2024-07-01T23:45:00,2024-07-02T12:00:00,2024-07-02T08:00:00,APS,5235
2024-07-01T09:45:00,2024-07-01T05:45:00,2024-07-02T12:00:00,2024-07-02T08:00:00,COMED,10153
2024-07-01T13:45:00,2024-07-01T09:45:00,2024-07-02T12:00:00,2024-07-02T08:00:00,COMED,10271
2024-07-01T15:45:00,2024-07-01T11:45:00,2024-07-02T12:00:00,2024-07-02T08:00:00,COMED,10271
2024-07-01T21:45:00,2024-07-01T17:45:00,2024-07-02T12:00:00,2024-07-02T08:00:00,COMED,10271
2024-07-02T03:45:00,2024-07-01T23:45:00,2024-07-02T12:00:00,2024-07-02T08:00:00,COMED,10271
2024-07-01T09:45:00,2024-07-01T05:45:00,2024-07-02T12:00:00,2024-07-02T08:00:00,DEOK,2854
2024-07-01T13:45:00,2024-07-01T09:45:00,2024-07-02T12:00:00,2024-07-02T08:00:00,DEOK,2851
2024-07-01T15:45:00,2024-07-01T11:45:00,2024-07-02T12:00:00,2024-07-02T08:00:00,DEOK,2851
2024-07-01T21:45:00,2024-07-01T17:45:00,2024-07-02T12:00:00,2024-07-02T08:00:00,DEOK,2851
2024-07-02T03:45:00,2024-07-01T23:45:00,2024-07-02T12:00:00,2024-07-02T08:00:00,DEOK,2851
2024-07-01T09:45:00,2024-07-01T05:45:00,2024-07-02T12:00:00,2024-07-02T08:00:00,DOM,13393
2024-07-01T13:45:00,2024-07-01T09:45:00,2024-07-02T12:00:00,2024-07-02T08:00:00,DOM,13389
2024-07-01T15:45:00,2024-07-01T11:45:00,2024-07-02T12:00:00,2024-07-02T08:00:00,DOM,13389
2024-07-01T21:45:00,2024-07-01T17:45:00,2024-07-02T12:00:00,2024-07-02T08:00:00,DOM,13329
2024-07-02T03:45:00,2024-07-01T23:45:00,2024-07-02T12:00:00,2024-07-02T08:00:00,DOM,13329
2024-07-01T09:45:00,2024-07-01T05:45:00,2024-07-02T12:00:00,2024-07-02T08:00:00,DAY,1907
2024-07-01T13:45:00,2024-07-01T09:45:00,2024-07-02T12:00:00,2024-07-02T08:00:00,DAY,1906
2024-07-01T15:45:00,2024-07-01T11:45:00,2024-07-02T12:00:00,2024-07-02T08:00:00,DAY,1906
2024-07-01T21:45:00,2024-07-01T17:45:00,2024-07-02T12:00:00,2024-07-02T08:00:00,DAY,1906
2024-07-02T03:45:00,2024-07-01T23:45:00,2024-07-02T12:00:00,2024-07-02T08:00:00,DAY,1906
2024-07-01T09:45:00,2024-07-01T05:45:00,2024-07-02T12:00:00,2024-07-02T08:00:00,DUQ,1443
2024-07-01T13:45:00,2024-07-01T09:45:00,2024-07-02T12:00:00,2024-07-02T08:00:00,DUQ,1446
2024-07-01T15:45:00,2024-07-01T11:45:00,2024-07-02T12:00:00,2024-07-02T08:00:00,DUQ,1446
2024-07-01T21:45:00,2024-07-01T17:45:00,2024-07-02T12:00:00,2024-07-02T08:00:00,DUQ,1446
2024-07-02T03:45:00,2024-07-01T23:45:00,2024-07-02T12:00:00,2024-07-02T08:00:00,DUQ,1446
2024-07-01T09:45:00,2024-07-01T05:45:00,2024-07-02T12:00:00,2024-07-02T08:00:00,EKPC,1317
2024-07-01T13:45:00,2024-07-01T09:45:00,2024-07-02T12:00:00,2024-07-02T08:00:00,EKPC,1309
2024-07-01T15:45:00,2024-07-01T11:45:00,2024-07-02T12:00:00,2024-07-02T08:00:00,EKPC,1309
2024-07-01T21:45:00,2024-07-01T17:45:00,2024-07-02T12:00:00,2024-07-02T08:00:00,EKPC,1309
2024-07-02T03:45:00,2024-07-01T23:45:00,2024-07-02T12:00:00,2024-07-02T08:00:00,EKPC,1309
2024-07-01T09:45:00,2024-07-01T05:45:00,2024-07-02T12:00:00,2024-07-02T08:00:00,ATSI,7484
2024-07-01T13:45:00,2024-07-01T09:45:00,2024-07-02T12:00:00,2024-07-02T08:00:00,ATSI,7537
2024-07-01T15:45:00,2024-07-01T11:45:00,2024-07-02T12:00:00,2024-07-02T08:00:00,ATSI,7537
2024-07-01T21:45:00,2024-07-01T17:45:00,2024-07-02T12:00:00,2024-07-02T08:00:00,ATSI,7537
2024-07-02T03:45:00,2024-07-01T23:45:00,2024-07-02T12:00:00,2024-07-02T08:00:00,ATSI,7537
2024-07-01T09:45:00,2024-07-01T05:45:00,2024-07-02T12:00:00,2024-07-02T08:00:00,MIDATL,29856
2024-07-01T13:45:00,2024-07-01T09:45:00,2024-07-02T12:00:00,2024-07-02T08:00:00,MIDATL,29766
2024-07-01T15:45:00,2024-07-01T11:45:00,2024-07-02T12:00:00,2024-07-02T08:00:00,MIDATL,29766
2024-07-01T21:45:00,2024-07-01T17:45:00,2024-07-02T12:00:00,2024-07-02T08:00:00,MIDATL,29766
2024-07-02T03:45:00,2024-07-01T23:45:00,2024-07-02T12:00:00,2024-07-02T08:00:00,MIDATL,29766
2024-07-01T09:45:00,2024-07-01T05:45:00,2024-07-02T12:00:00,2024-07-02T08:00:00,RTO,87663
2024-07-01T13:45:00,2024-07-01T09:45:00,2024-07-02T12:00:00,2024-07-02T08:00:00,RTO,87801
2024-07-01T15:45:00,2024-07-01T11:45:00,2024-07-02T12:00:00,2024-07-02T08:00:00,RTO,87801
2024-07-01T21:45:00,2024-07-01T17:45:00,2024-07-02T12:00:00,2024-07-02T08:00:00,RTO,87741
2024-07-02T03:45:00,2024-07-01T23:45:00,2024-07-02T12:00:00,2024-07-02T08:00:00,RTO,87741
2024-07-02T13:45:00,2024-07-02T09:45:00,2024-07-02T12:00:00,2024-07-02T08:00:00,AEP,13545
2024-07-02T09:45:00,2024-07-02T05:45:00,2024-07-02T12:00:00,2024-07-02T08:00:00,AEP,13831
2024-07-02T13:45:00,2024-07-02T09:45:00,2024-07-02T12:00:00,2024-07-02T08:00:00,APS,5063
2024-07-02T09:45:00,2024-07-02T05:45:00,2024-07-02T12:00:00,2024-07-02T08:00:00,APS,5177
2024-07-02T13:45:00,2024-07-02T09:45:00,2024-07-02T12:00:00,2024-07-02T08:00:00,COMED,10301
2024-07-02T09:45:00,2024-07-02T05:45:00,2024-07-02T12:00:00,2024-07-02T08:00:00,COMED,10437
2024-07-02T13:45:00,2024-07-02T09:45:00,2024-07-02T12:00:00,2024-07-02T08:00:00,DEOK,2721
2024-07-02T09:45:00,2024-07-02T05:45:00,2024-07-02T12:00:00,2024-07-02T08:00:00,DEOK,2813
2024-07-02T13:45:00,2024-07-02T09:45:00,2024-07-02T12:00:00,2024-07-02T08:00:00,DOM,12891
2024-07-02T09:45:00,2024-07-02T05:45:00,2024-07-02T12:00:00,2024-07-02T08:00:00,DOM,12948
2024-07-02T13:45:00,2024-07-02T09:45:00,2024-07-02T12:00:00,2024-07-02T08:00:00,DAY,1771
2024-07-02T09:45:00,2024-07-02T05:45:00,2024-07-02T12:00:00,2024-07-02T08:00:00,DAY,1842
2024-07-02T13:45:00,2024-07-02T09:45:00,2024-07-02T12:00:00,2024-07-02T08:00:00,DUQ,1459
2024-07-02T09:45:00,2024-07-02T05:45:00,2024-07-02T12:00:00,2024-07-02T08:00:00,DUQ,1446
2024-07-02T13:45:00,2024-07-02T09:45:00,2024-07-02T12:00:00,2024-07-02T08:00:00,EKPC,1277
2024-07-02T09:45:00,2024-07-02T05:45:00,2024-07-02T12:00:00,2024-07-02T08:00:00,EKPC,1258
2024-07-02T13:45:00,2024-07-02T09:45:00,2024-07-02T12:00:00,2024-07-02T08:00:00,ATSI,7324
2024-07-02T09:45:00,2024-07-02T05:45:00,2024-07-02T12:00:00,2024-07-02T08:00:00,ATSI,7537
2024-07-02T13:45:00,2024-07-02T09:45:00,2024-07-02T12:00:00,2024-07-02T08:00:00,MIDATL,29422
2024-07-02T09:45:00,2024-07-02T05:45:00,2024-07-02T12:00:00,2024-07-02T08:00:00,MIDATL,29766
2024-07-02T13:45:00,2024-07-02T09:45:00,2024-07-02T12:00:00,2024-07-02T08:00:00,RTO,85774
2024-07-02T09:45:00,2024-07-02T05:45:00,2024-07-02T12:00:00,2024-07-02T08:00:00,RTO,87055
2024-07-01T09:45:00,2024-07-01T05:45:00,2024-07-02T13:00:00,2024-07-02T09:00:00,AEP,14603
2024-07-01T13:45:00,2024-07-01T09:45:00,2024-07-02T13:00:00,2024-07-02T09:00:00,AEP,14614
2024-07-01T15:45:00,2024-07-01T11:45:00,2024-07-02T13:00:00,2024-07-02T09:00:00,AEP,14614
2024-07-01T21:45:00,2024-07-01T17:45:00,2024-07-02T13:00:00,2024-07-02T09:00:00,AEP,14614
2024-07-02T03:45:00,2024-07-01T23:45:00,2024-07-02T13:00:00,2024-07-02T09:00:00,AEP,14614
2024-07-01T09:45:00,2024-07-01T05:45:00,2024-07-02T13:00:00,2024-07-02T09:00:00,APS,5393
2024-07-01T13:45:00,2024-07-01T09:45:00,2024-07-02T13:00:00,2024-07-02T09:00:00,APS,5447
2024-07-01T15:45:00,2024-07-01T11:45:00,2024-07-02T13:00:00,2024-07-02T09:00:00,APS,5447
2024-07-01T21:45:00,2024-07-01T17:45:00,2024-07-02T13:00:00,2024-07-02T09:00:00,APS,5447
2024-07-02T03:45:00,2024-07-01T23:45:00,2024-07-02T13:00:00,2024-07-02T09:00:00,APS,5447
2024-07-01T09:45:00,2024-07-01T05:45:00,2024-07-02T13:00:00,2024-07-02T09:00:00,COMED,10729
2024-07-01T13:45:00,2024-07-01T09:45:00,2024-07-02T13:00:00,2024-07-02T09:00:00,COMED,10801
2024-07-01T15:45:00,2024-07-01T11:45:00,2024-07-02T13:00:00,2024-07-02T09:00:00,COMED,10801
2024-07-01T21:45:00,2024-07-01T17:45:00,2024-07-02T13:00:00,2024-07-02T09:00:00,COMED,10801
2024-07-02T03:45:00,2024-07-01T23:45:00,2024-07-02T13:00:00,2024-07-02T09:00:00,COMED,10801
2024-07-01T09:45:00,2024-07-01T05:45:00,2024-07-02T13:00:00,2024-07-02T09:00:00,DEOK,3006
2024-07-01T13:45:00,2024-07-01T09:45:00,2024-07-02T13:00:00,2024-07-02T09:00:00,DEOK,2994
2024-07-01T15:45:00,2024-07-01T11:45:00,2024-07-02T13:00:00,2024-07-02T09:00:00,DEOK,2994
2024-07-01T21:45:00,2024-07-01T17:45:00,2024-07-02T13:00:00,2024-07-02T09:00:00,DEOK,2994
2024-07-02T03:45:00,2024-07-01T23:45:00,2024-07-02T13:00:00,2024-07-02T09:00:00,DEOK,2994
2024-07-01T09:45:00,2024-07-01T05:45:00,2024-07-02T13:00:00,2024-07-02T09:00:00,DOM,13927
2024-07-01T13:45:00,2024-07-01T09:45:00,2024-07-02T13:00:00,2024-07-02T09:00:00,DOM,13945
2024-07-01T15:45:00,2024-07-01T11:45:00,2024-07-02T13:00:00,2024-07-02T09:00:00,DOM,13945
2024-07-01T21:45:00,2024-07-01T17:45:00,2024-07-02T13:00:00,2024-07-02T09:00:00,DOM,13840
2024-07-02T03:45:00,2024-07-01T23:45:00,2024-07-02T13:00:00,2024-07-02T09:00:00,DOM,13840
2024-07-01T09:45:00,2024-07-01T05:45:00,2024-07-02T13:00:00,2024-07-02T09:00:00,DAY,2003
2024-07-01T13:45:00,2024-07-01T09:45:00,2024-07-02T13:00:00,2024-07-02T09:00:00,DAY,1998
2024-07-01T15:45:00,2024-07-01T11:45:00,2024-07-02T13:00:00,2024-07-02T09:00:00,DAY,1998
2024-07-01T21:45:00,2024-07-01T17:45:00,2024-07-02T13:00:00,2024-07-02T09:00:00,DAY,1998
2024-07-02T03:45:00,2024-07-01T23:45:00,2024-07-02T13:00:00,2024-07-02T09:00:00,DAY,1998
2024-07-01T09:45:00,2024-07-01T05:45:00,2024-07-02T13:00:00,2024-07-02T09:00:00,DUQ,1520
2024-07-01T13:45:00,2024-07-01T09:45:00,2024-07-02T13:00:00,2024-07-02T09:00:00,DUQ,1524
2024-07-01T15:45:00,2024-07-01T11:45:00,2024-07-02T13:00:00,2024-07-02T09:00:00,DUQ,1524
2024-07-01T21:45:00,2024-07-01T17:45:00,2024-07-02T13:00:00,2024-07-02T09:00:00,DUQ,1524
2024-07-02T03:45:00,2024-07-01T23:45:00,2024-07-02T13:00:00,2024-07-02T09:00:00,DUQ,1524
2024-07-01T09:45:00,2024-07-01T05:45:00,2024-07-02T13:00:00,2024-07-02T09:00:00,EKPC,1388
2024-07-01T13:45:00,2024-07-01T09:45:00,2024-07-02T13:00:00,2024-07-02T09:00:00,EKPC,1382
2024-07-01T15:45:00,2024-07-01T11:45:00,2024-07-02T13:00:00,2024-07-02T09:00:00,EKPC,1382
2024-07-01T21:45:00,2024-07-01T17:45:00,2024-07-02T13:00:00,2024-07-02T09:00:00,EKPC,1382
2024-07-02T03:45:00,2024-07-01T23:45:00,2024-07-02T13:00:00,2024-07-02T09:00:00,EKPC,1382
2024-07-01T09:45:00,2024-07-01T05:45:00,2024-07-02T13:00:00,2024-07-02T09:00:00,ATSI,7786
2024-07-01T13:45:00,2024-07-01T09:45:00,2024-07-02T13:00:00,2024-07-02T09:00:00,ATSI,7855
2024-07-01T15:45:00,2024-07-01T11:45:00,2024-07-02T13:00:00,2024-07-02T09:00:00,ATSI,7855
2024-07-01T21:45:00,2024-07-01T17:45:00,2024-07-02T13:00:00,2024-07-02T09:00:00,ATSI,7855
2024-07-02T03:45:00,2024-07-01T23:45:00,2024-07-02T13:00:00,2024-07-02T09:00:00,ATSI,7855
2024-07-01T09:45:00,2024-07-01T05:45:00,2024-07-02T13:00:00,2024-07-02T09:00:00,MIDATL,30896
2024-07-01T13:45:00,2024-07-01T09:45:00,2024-07-02T13:00:00,2024-07-02T09:00:00,MIDATL,30663
2024-07-01T15:45:00,2024-07-01T11:45:00,2024-07-02T13:00:00,2024-07-02T09:00:00,MIDATL,30663
2024-07-01T21:45:00,2024-07-01T17:45:00,2024-07-02T13:00:00,2024-07-02T09:00:00,MIDATL,30663
2024-07-02T03:45:00,2024-07-01T23:45:00,2024-07-02T13:00:00,2024-07-02T09:00:00,MIDATL,30663
2024-07-01T09:45:00,2024-07-01T05:45:00,2024-07-02T13:00:00,2024-07-02T09:00:00,RTO,91251
2024-07-01T13:45:00,2024-07-01T09:45:00,2024-07-02T13:00:00,2024-07-02T09:00:00,RTO,91223
2024-07-01T15:45:00,2024-07-01T11:45:00,2024-07-02T13:00:00,2024-07-02T09:00:00,RTO,91223
2024-07-01T21:45:00,2024-07-01T17:45:00,2024-07-02T13:00:00,2024-07-02T09:00:00,RTO,91118
2024-07-02T03:45:00,2024-07-01T23:45:00,2024-07-02T13:00:00,2024-07-02T09:00:00,RTO,91118
2024-07-02T13:45:00,2024-07-02T09:45:00,2024-07-02T13:00:00,2024-07-02T09:00:00,AEP,14290
2024-07-02T09:45:00,2024-07-02T05:45:00,2024-07-02T13:00:00,2024-07-02T09:00:00,AEP,14507
2024-07-02T13:45:00,2024-07-02T09:45:00,2024-07-02T13:00:00,2024-07-02T09:00:00,APS,5299
2024-07-02T09:45:00,2024-07-02T05:45:00,2024-07-02T13:00:00,2024-07-02T09:00:00,APS,5379
2024-07-02T13:45:00,2024-07-02T09:45:00,2024-07-02T13:00:00,2024-07-02T09:00:00,COMED,10821
2024-07-02T09:45:00,2024-07-02T05:45:00,2024-07-02T13:00:00,2024-07-02T09:00:00,COMED,10931
2024-07-02T13:45:00,2024-07-02T09:45:00,2024-07-02T13:00:00,2024-07-02T09:00:00,DEOK,2897
2024-07-02T09:45:00,2024-07-02T05:45:00,2024-07-02T13:00:00,2024-07-02T09:00:00,DEOK,2977
2024-07-02T13:45:00,2024-07-02T09:45:00,2024-07-02T13:00:00,2024-07-02T09:00:00,DOM,13411
2024-07-02T09:45:00,2024-07-02T05:45:00,2024-07-02T13:00:00,2024-07-02T09:00:00,DOM,13586
2024-07-02T13:45:00,2024-07-02T09:45:00,2024-07-02T13:00:00,2024-07-02T09:00:00,DAY,1880
2024-07-02T09:45:00,2024-07-02T05:45:00,2024-07-02T13:00:00,2024-07-02T09:00:00,DAY,1947
2024-07-02T13:45:00,2024-07-02T09:45:00,2024-07-02T13:00:00,2024-07-02T09:00:00,DUQ,1524
2024-07-02T09:45:00,2024-07-02T05:45:00,2024-07-02T13:00:00,2024-07-02T09:00:00,DUQ,1524
2024-07-02T13:45:00,2024-07-02T09:45:00,2024-07-02T13:00:00,2024-07-02T09:00:00,EKPC,1337
2024-07-02T09:45:00,2024-07-02T05:45:00,2024-07-02T13:00:00,2024-07-02T09:00:00,EKPC,1332
2024-07-02T13:45:00,2024-07-02T09:45:00,2024-07-02T13:00:00,2024-07-02T09:00:00,ATSI,7700
2024-07-02T09:45:00,2024-07-02T05:45:00,2024-07-02T13:00:00,2024-07-02T09:00:00,ATSI,7855
2024-07-02T13:45:00,2024-07-02T09:45:00,2024-07-02T13:00:00,2024-07-02T09:00:00,MIDATL,30812
2024-07-02T09:45:00,2024-07-02T05:45:00,2024-07-02T13:00:00,2024-07-02T09:00:00,MIDATL,31041
2024-07-02T13:45:00,2024-07-02T09:45:00,2024-07-02T13:00:00,2024-07-02T09:00:00,RTO,89971
2024-07-02T09:45:00,2024-07-02T05:45:00,2024-07-02T13:00:00,2024-07-02T09:00:00,RTO,91079
2024-07-01T09:45:00,2024-07-01T05:45:00,2024-07-02T14:00:00,2024-07-02T10:00:00,AEP,15287
2024-07-01T13:45:00,2024-07-01T09:45:00,2024-07-02T14:00:00,2024-07-02T10:00:00,AEP,15284
2024-07-01T15:45:00,2024-07-01T11:45:00,2024-07-02T14:00:00,2024-07-02T10:00:00,AEP,15284
2024-07-01T21:45:00,2024-07-01T17:45:00,2024-07-02T14:00:00,2024-07-02T10:00:00,AEP,15284
2024-07-02T03:45:00,2024-07-01T23:45:00,2024-07-02T14:00:00,2024-07-02T10:00:00,AEP,15284
2024-07-01T09:45:00,2024-07-01T05:45:00,2024-07-02T14:00:00,2024-07-02T10:00:00,APS,5624
2024-07-01T13:45:00,2024-07-01T09:45:00,2024-07-02T14:00:00,2024-07-02T10:00:00,APS,5680
2024-07-01T15:45:00,2024-07-01T11:45:00,2024-07-02T14:00:00,2024-07-02T10:00:00,APS,5680
2024-07-01T21:45:00,2024-07-01T17:45:00,2024-07-02T14:00:00,2024-07-02T10:00:00,APS,5680
2024-07-02T03:45:00,2024-07-01T23:45:00,2024-07-02T14:00:00,2024-07-02T10:00:00,APS,5680
2024-07-01T09:45:00,2024-07-01T05:45:00,2024-07-02T14:00:00,2024-07-02T10:00:00,COMED,11230
2024-07-01T13:45:00,2024-07-01T09:45:00,2024-07-02T14:00:00,2024-07-02T10:00:00,COMED,11259
2024-07-01T15:45:00,2024-07-01T11:45:00,2024-07-02T14:00:00,2024-07-02T10:00:00,COMED,11259
2024-07-01T21:45:00,2024-07-01T17:45:00,2024-07-02T14:00:00,2024-07-02T10:00:00,COMED,11259
2024-07-02T03:45:00,2024-07-01T23:45:00,2024-07-02T14:00:00,2024-07-02T10:00:00,COMED,11259
2024-07-01T09:45:00,2024-07-01T05:45:00,2024-07-02T14:00:00,2024-07-02T10:00:00,DEOK,3168
2024-07-01T13:45:00,2024-07-01T09:45:00,2024-07-02T14:00:00,2024-07-02T10:00:00,DEOK,3146
2024-07-01T15:45:00,2024-07-01T11:45:00,2024-07-02T14:00:00,2024-07-02T10:00:00,DEOK,3146
2024-07-01T21:45:00,2024-07-01T17:45:00,2024-07-02T14:00:00,2024-07-02T10:00:00,DEOK,3146
2024-07-02T03:45:00,2024-07-01T23:45:00,2024-07-02T14:00:00,2024-07-02T10:00:00,DEOK,3146
2024-07-01T09:45:00,2024-07-01T05:45:00,2024-07-02T14:00:00,2024-07-02T10:00:00,DOM,14538
2024-07-01T13:45:00,2024-07-01T09:45:00,2024-07-02T14:00:00,2024-07-02T10:00:00,DOM,14575
2024-07-01T15:45:00,2024-07-01T11:45:00,2024-07-02T14:00:00,2024-07-02T10:00:00,DOM,14575
2024-07-01T21:45:00,2024-07-01T17:45:00,2024-07-02T14:00:00,2024-07-02T10:00:00,DOM,14470
2024-07-02T03:45:00,2024-07-01T23:45:00,2024-07-02T14:00:00,2024-07-02T10:00:00,DOM,14470
2024-07-01T09:45:00,2024-07-01T05:45:00,2024-07-02T14:00:00,2024-07-02T10:00:00,DAY,2107
2024-07-01T13:45:00,2024-07-01T09:45:00,2024-07-02T14:00:00,2024-07-02T10:00:00,DAY,2102
2024-07-01T15:45:00,2024-07-01T11:45:00,2024-07-02T14:00:00,2024-07-02T10:00:00,DAY,2102
2024-07-01T21:45:00,2024-07-01T17:45:00,2024-07-02T14:00:00,2024-07-02T10:00:00,DAY,2102
2024-07-02T03:45:00,2024-07-01T23:45:00,2024-07-02T14:00:00,2024-07-02T10:00:00,DAY,2102
2024-07-01T09:45:00,2024-07-01T05:45:00,2024-07-02T14:00:00,2024-07-02T10:00:00,DUQ,1595
2024-07-01T13:45:00,2024-07-01T09:45:00,2024-07-02T14:00:00,2024-07-02T10:00:00,DUQ,1600
2024-07-01T15:45:00,2024-07-01T11:45:00,2024-07-02T14:00:00,2024-07-02T10:00:00,DUQ,1600
2024-07-01T21:45:00,2024-07-01T17:45:00,2024-07-02T14:00:00,2024-07-02T10:00:00,DUQ,1600
2024-07-02T03:45:00,2024-07-01T23:45:00,2024-07-02T14:00:00,2024-07-02T10:00:00,DUQ,1600
2024-07-01T09:45:00,2024-07-01T05:45:00,2024-07-02T14:00:00,2024-07-02T10:00:00,EKPC,1486
2024-07-01T13:45:00,2024-07-01T09:45:00,2024-07-02T14:00:00,2024-07-02T10:00:00,EKPC,1489
2024-07-01T15:45:00,2024-07-01T11:45:00,2024-07-02T14:00:00,2024-07-02T10:00:00,EKPC,1489
2024-07-01T21:45:00,2024-07-01T17:45:00,2024-07-02T14:00:00,2024-07-02T10:00:00,EKPC,1489
2024-07-02T03:45:00,2024-07-01T23:45:00,2024-07-02T14:00:00,2024-07-02T10:00:00,EKPC,1489
2024-07-01T09:45:00,2024-07-01T05:45:00,2024-07-02T14:00:00,2024-07-02T10:00:00,ATSI,8107
2024-07-01T13:45:00,2024-07-01T09:45:00,2024-07-02T14:00:00,2024-07-02T10:00:00,ATSI,8182
2024-07-01T15:45:00,2024-07-01T11:45:00,2024-07-02T14:00:00,2024-07-02T10:00:00,ATSI,8182
2024-07-01T21:45:00,2024-07-01T17:45:00,2024-07-02T14:00:00,2024-07-02T10:00:00,ATSI,8182
2024-07-02T03:45:00,2024-07-01T23:45:00,2024-07-02T14:00:00,2024-07-02T10:00:00,ATSI,8182
2024-07-01T09:45:00,2024-07-01T05:45:00,2024-07-02T14:00:00,2024-07-02T10:00:00,MIDATL,32153
2024-07-01T13:45:00,2024-07-01T09:45:00,2024-07-02T14:00:00,2024-07-02T10:00:00,MIDATL,31909
2024-07-01T15:45:00,2024-07-01T11:45:00,2024-07-02T14:00:00,2024-07-02T10:00:00,MIDATL,31909
2024-07-01T21:45:00,2024-07-01T17:45:00,2024-07-02T14:00:00,2024-07-02T10:00:00,MIDATL,31727
2024-07-02T03:45:00,2024-07-01T23:45:00,2024-07-02T14:00:00,2024-07-02T10:00:00,MIDATL,31727
2024-07-01T09:45:00,2024-07-01T05:45:00,2024-07-02T14:00:00,2024-07-02T10:00:00,RTO,95295
2024-07-01T13:45:00,2024-07-01T09:45:00,2024-07-02T14:00:00,2024-07-02T10:00:00,RTO,95226
2024-07-01T15:45:00,2024-07-01T11:45:00,2024-07-02T14:00:00,2024-07-02T10:00:00,RTO,95226
2024-07-01T21:45:00,2024-07-01T17:45:00,2024-07-02T14:00:00,2024-07-02T10:00:00,RTO,94939
2024-07-02T03:45:00,2024-07-01T23:45:00,2024-07-02T14:00:00,2024-07-02T10:00:00,RTO,94939
2024-07-02T15:45:00,2024-07-02T11:45:00,2024-07-02T14:00:00,2024-07-02T10:00:00,AEP,14474
2024-07-02T13:45:00,2024-07-02T09:45:00,2024-07-02T14:00:00,2024-07-02T10:00:00,AEP,15039
2024-07-02T09:45:00,2024-07-02T05:45:00,2024-07-02T14:00:00,2024-07-02T10:00:00,AEP,15192
2024-07-02T15:45:00,2024-07-02T11:45:00,2024-07-02T14:00:00,2024-07-02T10:00:00,APS,5519
2024-07-02T13:45:00,2024-07-02T09:45:00,2024-07-02T14:00:00,2024-07-02T10:00:00,APS,5553
2024-07-02T09:45:00,2024-07-02T05:45:00,2024-07-02T14:00:00,2024-07-02T10:00:00,APS,5616
2024-07-02T15:45:00,2024-07-02T11:45:00,2024-07-02T14:00:00,2024-07-02T10:00:00,COMED,10945
2024-07-02T13:45:00,2024-07-02T09:45:00,2024-07-02T14:00:00,2024-07-02T10:00:00,COMED,11233
2024-07-02T09:45:00,2024-07-02T05:45:00,2024-07-02T14:00:00,2024-07-02T10:00:00,COMED,11329
2024-07-02T15:45:00,2024-07-02T11:45:00,2024-07-02T14:00:00,2024-07-02T10:00:00,DEOK,3029
2024-07-02T13:45:00,2024-07-02T09:45:00,2024-07-02T14:00:00,2024-07-02T10:00:00,DEOK,3071
2024-07-02T09:45:00,2024-07-02T05:45:00,2024-07-02T14:00:00,2024-07-02T10:00:00,DEOK,3146
2024-07-02T15:45:00,2024-07-02T11:45:00,2024-07-02T14:00:00,2024-07-02T10:00:00,DOM,14246
2024-07-02T13:45:00,2024-07-02T09:45:00,2024-07-02T14:00:00,2024-07-02T10:00:00,DOM,13978
2024-07-02T09:45:00,2024-07-02T05:45:00,2024-07-02T14:00:00,2024-07-02T10:00:00,DOM,14244
2024-07-02T15:45:00,2024-07-02T11:45:00,2024-07-02T14:00:00,2024-07-02T10:00:00,DAY,1922
2024-07-02T13:45:00,2024-07-02T09:45:00,2024-07-02T14:00:00,2024-07-02T10:00:00,DAY,1996
2024-07-02T09:45:00,2024-07-02T05:45:00,2024-07-02T14:00:00,2024-07-02T10:00:00,DAY,2065
2024-07-02T15:45:00,2024-07-02T11:45:00,2024-07-02T14:00:00,2024-07-02T10:00:00,DUQ,1613
2024-07-02T13:45:00,2024-07-02T09:45:00,2024-07-02T14:00:00,2024-07-02T10:00:00,DUQ,1600
2024-07-02T09:45:00,2024-07-02T05:45:00,2024-07-02T14:00:00,2024-07-02T10:00:00,DUQ,1600
2024-07-02T15:45:00,2024-07-02T11:45:00,2024-07-02T14:00:00,2024-07-02T10:00:00,EKPC,1502
2024-07-02T13:45:00,2024-07-02T09:45:00,2024-07-02T14:00:00,2024-07-02T10:00:00,EKPC,1449
2024-07-02T09:45:00,2024-07-02T05:45:00,2024-07-02T14:00:00,2024-07-02T10:00:00,EKPC,1449
2024-07-02T15:45:00,2024-07-02T11:45:00,2024-07-02T14:00:00,2024-07-02T10:00:00,ATSI,8004
2024-07-02T13:45:00,2024-07-02T09:45:00,2024-07-02T14:00:00,2024-07-02T10:00:00,ATSI,8094
2024-07-02T09:45:00,2024-07-02T05:45:00,2024-07-02T14:00:00,2024-07-02T10:00:00,ATSI,8182
2024-07-02T15:45:00,2024-07-02T11:45:00,2024-07-02T14:00:00,2024-07-02T10:00:00,MIDATL,31899
2024-07-02T13:45:00,2024-07-02T09:45:00,2024-07-02T14:00:00,2024-07-02T10:00:00,MIDATL,32208
2024-07-02T09:45:00,2024-07-02T05:45:00,2024-07-02T14:00:00,2024-07-02T10:00:00,MIDATL,32208
2024-07-02T15:45:00,2024-07-02T11:45:00,2024-07-02T14:00:00,2024-07-02T10:00:00,RTO,93153
2024-07-02T13:45:00,2024-07-02T09:45:00,2024-07-02T14:00:00,2024-07-02T10:00:00,RTO,94221
2024-07-02T09:45:00,2024-07-02T05:45:00,2024-07-02T14:00:00,2024-07-02T10:00:00,RTO,95031
2024-07-01T09:45:00,2024-07-01T05:45:00,2024-07-02T15:00:00,2024-07-02T11:00:00,AEP,15936
2024-07-01T13:45:00,2024-07-01T09:45:00,2024-07-02T15:00:00,2024-07-02T11:00:00,AEP,15924
2024-07-01T15:45:00,2024-07-01T11:45:00,2024-07-02T15:00:00,2024-07-02T11:00:00,AEP,15924
2024-07-01T21:45:00,2024-07-01T17:45:00,2024-07-02T15:00:00,2024-07-02T11:00:00,AEP,15924
2024-07-02T03:45:00,2024-07-01T23:45:00,2024-07-02T15:00:00,2024-07-02T11:00:00,AEP,15924
2024-07-01T09:45:00,2024-07-01T05:45:00,2024-07-02T15:00:00,2024-07-02T11:00:00,APS,5869
2024-07-01T13:45:00,2024-07-01T09:45:00,2024-07-02T15:00:00,2024-07-02T11:00:00,APS,5933
2024-07-01T15:45:00,2024-07-01T11:45:00,2024-07-02T15:00:00,2024-07-02T11:00:00,APS,5933
2024-07-01T21:45:00,2024-07-01T17:45:00,2024-07-02T15:00:00,2024-07-02T11:00:00,APS,5933
2024-07-02T03:45:00,2024-07-01T23:45:00,2024-07-02T15:00:00,2024-07-02T11:00:00,APS,5933
2024-07-01T09:45:00,2024-07-01T05:45:00,2024-07-02T15:00:00,2024-07-02T11:00:00,COMED,11724
2024-07-01T13:45:00,2024-07-01T09:45:00,2024-07-02T15:00:00,2024-07-02T11:00:00,COMED,11711
2024-07-01T15:45:00,2024-07-01T11:45:00,2024-07-02T15:00:00,2024-07-02T11:00:00,COMED,11711
2024-07-01T21:45:00,2024-07-01T17:45:00,2024-07-02T15:00:00,2024-07-02T11:00:00,COMED,11711
2024-07-02T03:45:00,2024-07-01T23:45:00,2024-07-02T15:00:00,2024-07-02T11:00:00,COMED,11711
2024-07-01T09:45:00,2024-07-01T05:45:00,2024-07-02T15:00:00,2024-07-02T11:00:00,DEOK,3318
2024-07-01T13:45:00,2024-07-01T09:45:00,2024-07-02T15:00:00,2024-07-02T11:00:00,DEOK,3298
2024-07-01T15:45:00,2024-07-01T11:45:00,2024-07-02T15:00:00,2024-07-02T11:00:00,DEOK,3298
2024-07-01T21:45:00,2024-07-01T17:45:00,2024-07-02T15:00:00,2024-07-02T11:00:00,DEOK,3298
2024-07-02T03:45:00,2024-07-01T23:45:00,2024-07-02T15:00:00,2024-07-02T11:00:00,DEOK,3298
2024-07-01T09:45:00,2024-07-01T05:45:00,2024-07-02T15:00:00,2024-07-02T11:00:00,DOM,15214
2024-07-01T13:45:00,2024-07-01T09:45:00,2024-07-02T15:00:00,2024-07-02T11:00:00,DOM,15273
2024-07-01T15:45:00,2024-07-01T11:45:00,2024-07-02T15:00:00,2024-07-02T11:00:00,DOM,15273
2024-07-01T21:45:00,2024-07-01T17:45:00,2024-07-02T15:00:00,2024-07-02T11:00:00,DOM,15273
2024-07-02T03:45:00,2024-07-01T23:45:00,2024-07-02T15:00:00,2024-07-02T11:00:00,DOM,15273
2024-07-01T09:45:00,2024-07-01T05:45:00,2024-07-02T15:00:00,2024-07-02T11:00:00,DAY,2198
2024-07-01T13:45:00,2024-07-01T09:45:00,2024-07-02T15:00:00,2024-07-02T11:00:00,DAY,2199
2024-07-01T15:45:00,2024-07-01T11:45:00,2024-07-02T15:00:00,2024-07-02T11:00:00,DAY,2199
2024-07-01T21:45:00,2024-07-01T17:45:00,2024-07-02T15:00:00,2024-07-02T11:00:00,DAY,2199
2024-07-02T03:45:00,2024-07-01T23:45:00,2024-07-02T15:00:00,2024-07-02T11:00:00,DAY,2199
2024-07-01T09:45:00,2024-07-01T05:45:00,2024-07-02T15:00:00,2024-07-02T11:00:00,DUQ,1664
2024-07-01T13:45:00,2024-07-01T09:45:00,2024-07-02T15:00:00,2024-07-02T11:00:00,DUQ,1668
2024-07-01T15:45:00,2024-07-01T11:45:00,2024-07-02T15:00:00,2024-07-02T11:00:00,DUQ,1668
2024-07-01T21:45:00,2024-07-01T17:45:00,2024-07-02T15:00:00,2024-07-02T11:00:00,DUQ,1668
2024-07-02T03:45:00,2024-07-01T23:45:00,2024-07-02T15:00:00,2024-07-02T11:00:00,DUQ,1668
2024-07-01T09:45:00,2024-07-01T05:45:00,2024-07-02T15:00:00,2024-07-02T11:00:00,EKPC,1571
2024-07-01T13:45:00,2024-07-01T09:45:00,2024-07-02T15:00:00,2024-07-02T11:00:00,EKPC,1590
2024-07-01T15:45:00,2024-07-01T11:45:00,2024-07-02T15:00:00,2024-07-02T11:00:00,EKPC,1590
2024-07-01T21:45:00,2024-07-01T17:45:00,2024-07-02T15:00:00,2024-07-02T11:00:00,EKPC,1590
2024-07-02T03:45:00,2024-07-01T23:45:00,2024-07-02T15:00:00,2024-07-02T11:00:00,EKPC,1590
2024-07-01T09:45:00,2024-07-01T05:45:00,2024-07-02T15:00:00,2024-07-02T11:00:00,ATSI,8380
2024-07-01T13:45:00,2024-07-01T09:45:00,2024-07-02T15:00:00,2024-07-02T11:00:00,ATSI,8462
2024-07-01T15:45:00,2024-07-01T11:45:00,2024-07-02T15:00:00,2024-07-02T11:00:00,ATSI,8462
2024-07-01T21:45:00,2024-07-01T17:45:00,2024-07-02T15:00:00,2024-07-02T11:00:00,ATSI,8462
2024-07-02T03:45:00,2024-07-01T23:45:00,2024-07-02T15:00:00,2024-07-02T11:00:00,ATSI,8462
2024-07-01T09:45:00,2024-07-01T05:45:00,2024-07-02T15:00:00,2024-07-02T11:00:00,MIDATL,33413
2024-07-01T13:45:00,2024-07-01T09:45:00,2024-07-02T15:00:00,2024-07-02T11:00:00,MIDATL,33359
2024-07-01T15:45:00,2024-07-01T11:45:00,2024-07-02T15:00:00,2024-07-02T11:00:00,MIDATL,33359
2024-07-01T21:45:00,2024-07-01T17:45:00,2024-07-02T15:00:00,2024-07-02T11:00:00,MIDATL,33177
2024-07-02T03:45:00,2024-07-01T23:45:00,2024-07-02T15:00:00,2024-07-02T11:00:00,MIDATL,33177
2024-07-01T09:45:00,2024-07-01T05:45:00,2024-07-02T15:00:00,2024-07-02T11:00:00,RTO,99287
2024-07-01T13:45:00,2024-07-01T09:45:00,2024-07-02T15:00:00,2024-07-02T11:00:00,RTO,99417
2024-07-01T15:45:00,2024-07-01T11:45:00,2024-07-02T15:00:00,2024-07-02T11:00:00,RTO,99417
2024-07-01T21:45:00,2024-07-01T17:45:00,2024-07-02T15:00:00,2024-07-02T11:00:00,RTO,99235
2024-07-02T03:45:00,2024-07-01T23:45:00,2024-07-02T15:00:00,2024-07-02T11:00:00,RTO,99235
2024-07-02T15:45:00,2024-07-02T11:45:00,2024-07-02T15:00:00,2024-07-02T11:00:00,AEP,15068
2024-07-02T13:45:00,2024-07-02T09:45:00,2024-07-02T15:00:00,2024-07-02T11:00:00,AEP,15771
2024-07-02T09:45:00,2024-07-02T05:45:00,2024-07-02T15:00:00,2024-07-02T11:00:00,AEP,15924
2024-07-02T15:45:00,2024-07-02T11:45:00,2024-07-02T15:00:00,2024-07-02T11:00:00,APS,5702
2024-07-02T13:45:00,2024-07-02T09:45:00,2024-07-02T15:00:00,2024-07-02T11:00:00,APS,5890
2024-07-02T09:45:00,2024-07-02T05:45:00,2024-07-02T15:00:00,2024-07-02T11:00:00,APS,5890
2024-07-02T15:45:00,2024-07-02T11:45:00,2024-07-02T15:00:00,2024-07-02T11:00:00,COMED,11327
2024-07-02T13:45:00,2024-07-02T09:45:00,2024-07-02T15:00:00,2024-07-02T11:00:00,COMED,11615
2024-07-02T09:45:00,2024-07-02T05:45:00,2024-07-02T15:00:00,2024-07-02T11:00:00,COMED,11711
2024-07-02T15:45:00,2024-07-02T11:45:00,2024-07-02T15:00:00,2024-07-02T11:00:00,DEOK,3180
2024-07-02T13:45:00,2024-07-02T09:45:00,2024-07-02T15:00:00,2024-07-02T11:00:00,DEOK,3264
2024-07-02T09:45:00,2024-07-02T05:45:00,2024-07-02T15:00:00,2024-07-02T11:00:00,DEOK,3298
2024-07-02T15:45:00,2024-07-02T11:45:00,2024-07-02T15:00:00,2024-07-02T11:00:00,DOM,14954
2024-07-02T13:45:00,2024-07-02T09:45:00,2024-07-02T15:00:00,2024-07-02T11:00:00,DOM,14668
2024-07-02T09:45:00,2024-07-02T05:45:00,2024-07-02T15:00:00,2024-07-02T11:00:00,DOM,15061
2024-07-02T15:45:00,2024-07-02T11:45:00,2024-07-02T15:00:00,2024-07-02T11:00:00,DAY,2061
2024-07-02T13:45:00,2024-07-02T09:45:00,2024-07-02T15:00:00,2024-07-02T11:00:00,DAY,2109
2024-07-02T09:45:00,2024-07-02T05:45:00,2024-07-02T15:00:00,2024-07-02T11:00:00,DAY,2170
2024-07-02T15:45:00,2024-07-02T11:45:00,2024-07-02T15:00:00,2024-07-02T11:00:00,DUQ,1687
2024-07-02T13:45:00,2024-07-02T09:45:00,2024-07-02T15:00:00,2024-07-02T11:00:00,DUQ,1668
2024-07-02T09:45:00,2024-07-02T05:45:00,2024-07-02T15:00:00,2024-07-02T11:00:00,DUQ,1668
2024-07-02T15:45:00,2024-07-02T11:45:00,2024-07-02T15:00:00,2024-07-02T11:00:00,EKPC,1608
2024-07-02T13:45:00,2024-07-02T09:45:00,2024-07-02T15:00:00,2024-07-02T11:00:00,EKPC,1579
2024-07-02T09:45:00,2024-07-02T05:45:00,2024-07-02T15:00:00,2024-07-02T11:00:00,EKPC,1579
2024-07-02T15:45:00,2024-07-02T11:45:00,2024-07-02T15:00:00,2024-07-02T11:00:00,ATSI,8213
2024-07-02T13:45:00,2024-07-02T09:45:00,2024-07-02T15:00:00,2024-07-02T11:00:00,ATSI,8414
2024-07-02T09:45:00,2024-07-02T05:45:00,2024-07-02T15:00:00,2024-07-02T11:00:00,ATSI,8462
2024-07-02T15:45:00,2024-07-02T11:45:00,2024-07-02T15:00:00,2024-07-02T11:00:00,MIDATL,33383
2024-07-02T13:45:00,2024-07-02T09:45:00,2024-07-02T15:00:00,2024-07-02T11:00:00,MIDATL,33383
2024-07-02T09:45:00,2024-07-02T05:45:00,2024-07-02T15:00:00,2024-07-02T11:00:00,MIDATL,33383
2024-07-02T15:45:00,2024-07-02T11:45:00,2024-07-02T15:00:00,2024-07-02T11:00:00,RTO,97183
2024-07-02T13:45:00,2024-07-02T09:45:00,2024-07-02T15:00:00,2024-07-02T11:00:00,RTO,98361
2024-07-02T09:45:00,2024-07-02T05:45:00,2024-07-02T15:00:00,2024-07-02T11:00:00,RTO,99146
2024-07-01T09:45:00,2024-07-01T05:45:00,2024-07-02T16:00:00,2024-07-02T12:00:00,AEP,16616
2024-07-01T13:45:00,2024-07-01T09:45:00,2024-07-02T16:00:00,2024-07-02T12:00:00,AEP,16606
2024-07-01T15:45:00,2024-07-01T11:45:00,2024-07-02T16:00:00,2024-07-02T12:00:00,AEP,16606
2024-07-01T21:45:00,2024-07-01T17:45:00,2024-07-02T16:00:00,2024-07-02T12:00:00,AEP,16606
2024-07-02T03:45:00,2024-07-01T23:45:00,2024-07-02T16:00:00,2024-07-02T12:00:00,AEP,16606
2024-07-01T09:45:00,2024-07-01T05:45:00,2024-07-02T16:00:00,2024-07-02T12:00:00,APS,6065
2024-07-01T13:45:00,2024-07-01T09:45:00,2024-07-02T16:00:00,2024-07-02T12:00:00,APS,6142
2024-07-01T15:45:00,2024-07-01T11:45:00,2024-07-02T16:00:00,2024-07-02T12:00:00,APS,6142
2024-07-01T21:45:00,2024-07-01T17:45:00,2024-07-02T16:00:00,2024-07-02T12:00:00,APS,6142
2024-07-02T03:45:00,2024-07-01T23:45:00,2024-07-02T16:00:00,2024-07-02T12:00:00,APS,6142
2024-07-01T09:45:00,2024-07-01T05:45:00,2024-07-02T16:00:00,2024-07-02T12:00:00,COMED,12175
2024-07-01T13:45:00,2024-07-01T09:45:00,2024-07-02T16:00:00,2024-07-02T12:00:00,COMED,12139
2024-07-01T15:45:00,2024-07-01T11:45:00,2024-07-02T16:00:00,2024-07-02T12:00:00,COMED,12139
2024-07-01T21:45:00,2024-07-01T17:45:00,2024-07-02T16:00:00,2024-07-02T12:00:00,COMED,12139
2024-07-02T03:45:00,2024-07-01T23:45:00,2024-07-02T16:00:00,2024-07-02T12:00:00,COMED,12139
2024-07-01T09:45:00,2024-07-01T05:45:00,2024-07-02T16:00:00,2024-07-02T12:00:00,DEOK,3473
2024-07-01T13:45:00,2024-07-01T09:45:00,2024-07-02T16:00:00,2024-07-02T12:00:00,DEOK,3450
2024-07-01T15:45:00,2024-07-01T11:45:00,2024-07-02T16:00:00,2024-07-02T12:00:00,DEOK,3450
2024-07-01T21:45:00,2024-07-01T17:45:00,2024-07-02T16:00:00,2024-07-02T12:00:00,DEOK,3450
2024-07-02T03:45:00,2024-07-01T23:45:00,2024-07-02T16:00:00,2024-07-02T12:00:00,DEOK,3450
2024-07-01T09:45:00,2024-07-01T05:45:00,2024-07-02T16:00:00,2024-07-02T12:00:00,DOM,15835
2024-07-01T13:45:00,2024-07-01T09:45:00,2024-07-02T16:00:00,2024-07-02T12:00:00,DOM,15898
2024-07-01T15:45:00,2024-07-01T11:45:00,2024-07-02T16:00:00,2024-07-02T12:00:00,DOM,15898
2024-07-01T21:45:00,2024-07-01T17:45:00,2024-07-02T16:00:00,2024-07-02T12:00:00,DOM,15898
2024-07-02T03:45:00,2024-07-01T23:45:00,2024-07-02T16:00:00,2024-07-02T12:00:00,DOM,15898
2024-07-01T09:45:00,2024-07-01T05:45:00,2024-07-02T16:00:00,2024-07-02T12:00:00,DAY,2308
2024-07-01T13:45:00,2024-07-01T09:45:00,2024-07-02T16:00:00,2024-07-02T12:00:00,DAY,2302
2024-07-01T15:45:00,2024-07-01T11:45:00,2024-07-02T16:00:00,2024-07-02T12:00:00,DAY,2302
2024-07-01T21:45:00,2024-07-01T17:45:00,2024-07-02T16:00:00,2024-07-02T12:00:00,DAY,2302
2024-07-02T03:45:00,2024-07-01T23:45:00,2024-07-02T16:00:00,2024-07-02T12:00:00,DAY,2302
2024-07-01T09:45:00,2024-07-01T05:45:00,2024-07-02T16:00:00,2024-07-02T12:00:00,DUQ,1726
2024-07-01T13:45:00,2024-07-01T09:45:00,2024-07-02T16:00:00,2024-07-02T12:00:00,DUQ,1731
2024-07-01T15:45:00,2024-07-01T11:45:00,2024-07-02T16:00:00,2024-07-02T12:00:00,DUQ,1731
2024-07-01T21:45:00,2024-07-01T17:45:00,2024-07-02T16:00:00,2024-07-02T12:00:00,DUQ,1731
2024-07-02T03:45:00,2024-07-01T23:45:00,2024-07-02T16:00:00,2024-07-02T12:00:00,DUQ,1731
2024-07-01T09:45:00,2024-07-01T05:45:00,2024-07-02T16:00:00,2024-07-02T12:00:00,EKPC,1695
2024-07-01T13:45:00,2024-07-01T09:45:00,2024-07-02T16:00:00,2024-07-02T12:00:00,EKPC,1716
2024-07-01T15:45:00,2024-07-01T11:45:00,2024-07-02T16:00:00,2024-07-02T12:00:00,EKPC,1716
2024-07-01T21:45:00,2024-07-01T17:45:00,2024-07-02T16:00:00,2024-07-02T12:00:00,EKPC,1716
2024-07-02T03:45:00,2024-07-01T23:45:00,2024-07-02T16:00:00,2024-07-02T12:00:00,EKPC,1716
2024-07-01T09:45:00,2024-07-01T05:45:00,2024-07-02T16:00:00,2024-07-02T12:00:00,ATSI,8664
2024-07-01T13:45:00,2024-07-01T09:45:00,2024-07-02T16:00:00,2024-07-02T12:00:00,ATSI,8752
2024-07-01T15:45:00,2024-07-01T11:45:00,2024-07-02T16:00:00,2024-07-02T12:00:00,ATSI,8752
2024-07-01T21:45:00,2024-07-01T17:45:00,2024-07-02T16:00:00,2024-07-02T12:00:00,ATSI,8752
2024-07-02T03:45:00,2024-07-01T23:45:00,2024-07-02T16:00:00,2024-07-02T12:00:00,ATSI,8752
2024-07-01T09:45:00,2024-07-01T05:45:00,2024-07-02T16:00:00,2024-07-02T12:00:00,MIDATL,34724
2024-07-01T13:45:00,2024-07-01T09:45:00,2024-07-02T16:00:00,2024-07-02T12:00:00,MIDATL,34712
2024-07-01T15:45:00,2024-07-01T11:45:00,2024-07-02T16:00:00,2024-07-02T12:00:00,MIDATL,34712
2024-07-01T21:45:00,2024-07-01T17:45:00,2024-07-02T16:00:00,2024-07-02T12:00:00,MIDATL,34603
2024-07-02T03:45:00,2024-07-01T23:45:00,2024-07-02T16:00:00,2024-07-02T12:00:00,MIDATL,34603
2024-07-01T09:45:00,2024-07-01T05:45:00,2024-07-02T16:00:00,2024-07-02T12:00:00,RTO,103281
2024-07-01T13:45:00,2024-07-01T09:45:00,2024-07-02T16:00:00,2024-07-02T12:00:00,RTO,103448
2024-07-01T15:45:00,2024-07-01T11:45:00,2024-07-02T16:00:00,2024-07-02T12:00:00,RTO,103448
2024-07-01T21:45:00,2024-07-01T17:45:00,2024-07-02T16:00:00,2024-07-02T12:00:00,RTO,103339
2024-07-02T03:45:00,2024-07-01T23:45:00,2024-07-02T16:00:00,2024-07-02T12:00:00,RTO,103339
2024-07-02T15:45:00,2024-07-02T11:45:00,2024-07-02T16:00:00,2024-07-02T12:00:00,AEP,15919
2024-07-02T13:45:00,2024-07-02T09:45:00,2024-07-02T16:00:00,2024-07-02T12:00:00,AEP,16484
2024-07-02T09:45:00,2024-07-02T05:45:00,2024-07-02T16:00:00,2024-07-02T12:00:00,AEP,16606
2024-07-02T15:45:00,2024-07-02T11:45:00,2024-07-02T16:00:00,2024-07-02T12:00:00,APS,5953
2024-07-02T13:45:00,2024-07-02T09:45:00,2024-07-02T16:00:00,2024-07-02T12:00:00,APS,6142
2024-07-02T09:45:00,2024-07-02T05:45:00,2024-07-02T16:00:00,2024-07-02T12:00:00,APS,6142
2024-07-02T15:45:00,2024-07-02T11:45:00,2024-07-02T16:00:00,2024-07-02T12:00:00,COMED,11865
2024-07-02T13:45:00,2024-07-02T09:45:00,2024-07-02T16:00:00,2024-07-02T12:00:00,COMED,12043
2024-07-02T09:45:00,2024-07-02T05:45:00,2024-07-02T16:00:00,2024-07-02T12:00:00,COMED,12139
2024-07-02T15:45:00,2024-07-02T11:45:00,2024-07-02T16:00:00,2024-07-02T12:00:00,DEOK,3362
2024-07-02T13:45:00,2024-07-02T09:45:00,2024-07-02T16:00:00,2024-07-02T12:00:00,DEOK,3450
2024-07-02T09:45:00,2024-07-02T05:45:00,2024-07-02T16:00:00,2024-07-02T12:00:00,DEOK,3450
2024-07-02T15:45:00,2024-07-02T11:45:00,2024-07-02T16:00:00,2024-07-02T12:00:00,DOM,15562
2024-07-02T13:45:00,2024-07-02T09:45:00,2024-07-02T16:00:00,2024-07-02T12:00:00,DOM,15715
2024-07-02T09:45:00,2024-07-02T05:45:00,2024-07-02T16:00:00,2024-07-02T12:00:00,DOM,15898
2024-07-02T15:45:00,2024-07-02T11:45:00,2024-07-02T16:00:00,2024-07-02T12:00:00,DAY,2203
2024-07-02T13:45:00,2024-07-02T09:45:00,2024-07-02T16:00:00,2024-07-02T12:00:00,DAY,2256
2024-07-02T09:45:00,2024-07-02T05:45:00,2024-07-02T16:00:00,2024-07-02T12:00:00,DAY,2283
2024-07-02T15:45:00,2024-07-02T11:45:00,2024-07-02T16:00:00,2024-07-02T12:00:00,DUQ,1748
2024-07-02T13:45:00,2024-07-02T09:45:00,2024-07-02T16:00:00,2024-07-02T12:00:00,DUQ,1731
2024-07-02T09:45:00,2024-07-02T05:45:00,2024-07-02T16:00:00,2024-07-02T12:00:00,DUQ,1731
2024-07-02T15:45:00,2024-07-02T11:45:00,2024-07-02T16:00:00,2024-07-02T12:00:00,EKPC,1716
2024-07-02T13:45:00,2024-07-02T09:45:00,2024-07-02T16:00:00,2024-07-02T12:00:00,EKPC,1716
2024-07-02T09:45:00,2024-07-02T05:45:00,2024-07-02T16:00:00,2024-07-02T12:00:00,EKPC,1716
2024-07-02T15:45:00,2024-07-02T11:45:00,2024-07-02T16:00:00,2024-07-02T12:00:00,ATSI,8550
2024-07-02T13:45:00,2024-07-02T09:45:00,2024-07-02T16:00:00,2024-07-02T12:00:00,ATSI,8752
2024-07-02T09:45:00,2024-07-02T05:45:00,2024-07-02T16:00:00,2024-07-02T12:00:00,ATSI,8752
2024-07-02T15:45:00,2024-07-02T11:45:00,2024-07-02T16:00:00,2024-07-02T12:00:00,MIDATL,34603
2024-07-02T13:45:00,2024-07-02T09:45:00,2024-07-02T16:00:00,2024-07-02T12:00:00,MIDATL,34603
2024-07-02T09:45:00,2024-07-02T05:45:00,2024-07-02T16:00:00,2024-07-02T12:00:00,MIDATL,34603
2024-07-02T15:45:00,2024-07-02T11:45:00,2024-07-02T16:00:00,2024-07-02T12:00:00,RTO,101481
2024-07-02T13:45:00,2024-07-02T09:45:00,2024-07-02T16:00:00,2024-07-02T12:00:00,RTO,102892
2024-07-02T09:45:00,2024-07-02T05:45:00,2024-07-02T16:00:00,2024-07-02T12:00:00,RTO,103320
2024-07-01T09:45:00,2024-07-01T05:45:00,2024-07-02T17:00:00,2024-07-02T13:00:00,AEP,17314
2024-07-01T13:45:00,2024-07-01T09:45:00,2024-07-02T17:00:00,2024-07-02T13:00:00,AEP,17299
2024-07-01T15:45:00,2024-07-01T11:45:00,2024-07-02T17:00:00,2024-07-02T13:00:00,AEP,17299
2024-07-01T21:45:00,2024-07-01T17:45:00,2024-07-02T17:00:00,2024-07-02T13:00:00,AEP,17299
2024-07-02T03:45:00,2024-07-01T23:45:00,2024-07-02T17:00:00,2024-07-02T13:00:00,AEP,17299
2024-07-01T09:45:00,2024-07-01T05:45:00,2024-07-02T17:00:00,2024-07-02T13:00:00,APS,6312
2024-07-01T13:45:00,2024-07-01T09:45:00,2024-07-02T17:00:00,2024-07-02T13:00:00,APS,6383
2024-07-01T15:45:00,2024-07-01T11:45:00,2024-07-02T17:00:00,2024-07-02T13:00:00,APS,6383
2024-07-01T21:45:00,2024-07-01T17:45:00,2024-07-02T17:00:00,2024-07-02T13:00:00,APS,6383
2024-07-02T03:45:00,2024-07-01T23:45:00,2024-07-02T17:00:00,2024-07-02T13:00:00,APS,6383
2024-07-01T09:45:00,2024-07-01T05:45:00,2024-07-02T17:00:00,2024-07-02T13:00:00,COMED,12629
2024-07-01T13:45:00,2024-07-01T09:45:00,2024-07-02T17:00:00,2024-07-02T13:00:00,COMED,12591
2024-07-01T15:45:00,2024-07-01T11:45:00,2024-07-02T17:00:00,2024-07-02T13:00:00,COMED,12591
2024-07-01T21:45:00,2024-07-01T17:45:00,2024-07-02T17:00:00,2024-07-02T13:00:00,COMED,12591
2024-07-02T03:45:00,2024-07-01T23:45:00,2024-07-02T17:00:00,2024-07-02T13:00:00,COMED,12591
2024-07-01T09:45:00,2024-07-01T05:45:00,2024-07-02T17:00:00,2024-07-02T13:00:00,DEOK,3637
2024-07-01T13:45:00,2024-07-01T09:45:00,2024-07-02T17:00:00,2024-07-02T13:00:00,DEOK,3616
2024-07-01T15:45:00,2024-07-01T11:45:00,2024-07-02T17:00:00,2024-07-02T13:00:00,DEOK,3616
2024-07-01T21:45:00,2024-07-01T17:45:00,2024-07-02T17:00:00,2024-07-02T13:00:00,DEOK,3616
2024-07-02T03:45:00,2024-07-01T23:45:00,2024-07-02T17:00:00,2024-07-02T13:00:00,DEOK,3616
2024-07-01T09:45:00,2024-07-01T05:45:00,2024-07-02T17:00:00,2024-07-02T13:00:00,DOM,16417
2024-07-01T13:45:00,2024-07-01T09:45:00,2024-07-02T17:00:00,2024-07-02T13:00:00,DOM,16481
2024-07-01T15:45:00,2024-07-01T11:45:00,2024-07-02T17:00:00,2024-07-02T13:00:00,DOM,16481
2024-07-01T21:45:00,2024-07-01T17:45:00,2024-07-02T17:00:00,2024-07-02T13:00:00,DOM,16481
2024-07-02T03:45:00,2024-07-01T23:45:00,2024-07-02T17:00:00,2024-07-02T13:00:00,DOM,16481
2024-07-01T09:45:00,2024-07-01T05:45:00,2024-07-02T17:00:00,2024-07-02T13:00:00,DAY,2396
2024-07-01T13:45:00,2024-07-01T09:45:00,2024-07-02T17:00:00,2024-07-02T13:00:00,DAY,2385
2024-07-01T15:45:00,2024-07-01T11:45:00,2024-07-02T17:00:00,2024-07-02T13:00:00,DAY,2385
2024-07-01T21:45:00,2024-07-01T17:45:00,2024-07-02T17:00:00,2024-07-02T13:00:00,DAY,2385
2024-07-02T03:45:00,2024-07-01T23:45:00,2024-07-02T17:00:00,2024-07-02T13:00:00,DAY,2385
2024-07-01T09:45:00,2024-07-01T05:45:00,2024-07-02T17:00:00,2024-07-02T13:00:00,DUQ,1799
2024-07-01T13:45:00,2024-07-01T09:45:00,2024-07-02T17:00:00,2024-07-02T13:00:00,DUQ,1804
2024-07-01T15:45:00,2024-07-01T11:45:00,2024-07-02T17:00:00,2024-07-02T13:00:00,DUQ,1804
2024-07-01T21:45:00,2024-07-01T17:45:00,2024-07-02T17:00:00,2024-07-02T13:00:00,DUQ,1804
2024-07-02T03:45:00,2024-07-01T23:45:00,2024-07-02T17:00:00,2024-07-02T13:00:00,DUQ,1804
2024-07-01T09:45:00,2024-07-01T05:45:00,2024-07-02T17:00:00,2024-07-02T13:00:00,EKPC,1814
2024-07-01T13:45:00,2024-07-01T09:45:00,2024-07-02T17:00:00,2024-07-02T13:00:00,EKPC,1852
2024-07-01T15:45:00,2024-07-01T11:45:00,2024-07-02T17:00:00,2024-07-02T13:00:00,EKPC,1852
2024-07-01T21:45:00,2024-07-01T17:45:00,2024-07-02T17:00:00,2024-07-02T13:00:00,EKPC,1852
2024-07-02T03:45:00,2024-07-01T23:45:00,2024-07-02T17:00:00,2024-07-02T13:00:00,EKPC,1852
2024-07-01T09:45:00,2024-07-01T05:45:00,2024-07-02T17:00:00,2024-07-02T13:00:00,ATSI,9003
2024-07-01T13:45:00,2024-07-01T09:45:00,2024-07-02T17:00:00,2024-07-02T13:00:00,ATSI,9073
2024-07-01T15:45:00,2024-07-01T11:45:00,2024-07-02T17:00:00,2024-07-02T13:00:00,ATSI,9073
2024-07-01T21:45:00,2024-07-01T17:45:00,2024-07-02T17:00:00,2024-07-02T13:00:00,ATSI,9073
2024-07-02T03:45:00,2024-07-01T23:45:00,2024-07-02T17:00:00,2024-07-02T13:00:00,ATSI,9073
2024-07-01T09:45:00,2024-07-01T05:45:00,2024-07-02T17:00:00,2024-07-02T13:00:00,MIDATL,36169
2024-07-01T13:45:00,2024-07-01T09:45:00,2024-07-02T17:00:00,2024-07-02T13:00:00,MIDATL,36258
2024-07-01T15:45:00,2024-07-01T11:45:00,2024-07-02T17:00:00,2024-07-02T13:00:00,MIDATL,36258
2024-07-01T21:45:00,2024-07-01T17:45:00,2024-07-02T17:00:00,2024-07-02T13:00:00,MIDATL,36149
2024-07-02T03:45:00,2024-07-01T23:45:00,2024-07-02T17:00:00,2024-07-02T13:00:00,MIDATL,36149
2024-07-01T09:45:00,2024-07-01T05:45:00,2024-07-02T17:00:00,2024-07-02T13:00:00,RTO,107490
2024-07-01T13:45:00,2024-07-01T09:45:00,2024-07-02T17:00:00,2024-07-02T13:00:00,RTO,107742
2024-07-01T15:45:00,2024-07-01T11:45:00,2024-07-02T17:00:00,2024-07-02T13:00:00,RTO,107742
2024-07-01T21:45:00,2024-07-01T17:45:00,2024-07-02T17:00:00,2024-07-02T13:00:00,RTO,107633
2024-07-02T03:45:00,2024-07-01T23:45:00,2024-07-02T17:00:00,2024-07-02T13:00:00,RTO,107633
2024-07-02T15:45:00,2024-07-02T11:45:00,2024-07-02T17:00:00,2024-07-02T13:00:00,AEP,16750
2024-07-02T13:45:00,2024-07-02T09:45:00,2024-07-02T17:00:00,2024-07-02T13:00:00,AEP,17299
2024-07-02T09:45:00,2024-07-02T05:45:00,2024-07-02T17:00:00,2024-07-02T13:00:00,AEP,17299
2024-07-02T15:45:00,2024-07-02T11:45:00,2024-07-02T17:00:00,2024-07-02T13:00:00,APS,6240
2024-07-02T13:45:00,2024-07-02T09:45:00,2024-07-02T17:00:00,2024-07-02T13:00:00,APS,6383
2024-07-02T09:45:00,2024-07-02T05:45:00,2024-07-02T17:00:00,2024-07-02T13:00:00,APS,6383
2024-07-02T15:45:00,2024-07-02T11:45:00,2024-07-02T17:00:00,2024-07-02T13:00:00,COMED,12591
2024-07-02T13:45:00,2024-07-02T09:45:00,2024-07-02T17:00:00,2024-07-02T13:00:00,COMED,12591
2024-07-02T09:45:00,2024-07-02T05:45:00,2024-07-02T17:00:00,2024-07-02T13:00:00,COMED,12591
2024-07-02T15:45:00,2024-07-02T11:45:00,2024-07-02T17:00:00,2024-07-02T13:00:00,DEOK,3540
2024-07-02T13:45:00,2024-07-02T09:45:00,2024-07-02T17:00:00,2024-07-02T13:00:00,DEOK,3616
2024-07-02T09:45:00,2024-07-02T05:45:00,2024-07-02T17:00:00,2024-07-02T13:00:00,DEOK,3616
2024-07-02T15:45:00,2024-07-02T11:45:00,2024-07-02T17:00:00,2024-07-02T13:00:00,DOM,16196
2024-07-02T13:45:00,2024-07-02T09:45:00,2024-07-02T17:00:00,2024-07-02T13:00:00,DOM,16425
2024-07-02T09:45:00,2024-07-02T05:45:00,2024-07-02T17:00:00,2024-07-02T13:00:00,DOM,16481
2024-07-02T15:45:00,2024-07-02T11:45:00,2024-07-02T17:00:00,2024-07-02T13:00:00,DAY,2302
2024-07-02T13:45:00,2024-07-02T09:45:00,2024-07-02T17:00:00,2024-07-02T13:00:00,DAY,2385
2024-07-02T09:45:00,2024-07-02T05:45:00,2024-07-02T17:00:00,2024-07-02T13:00:00,DAY,2385
2024-07-02T15:45:00,2024-07-02T11:45:00,2024-07-02T17:00:00,2024-07-02T13:00:00,DUQ,1825
2024-07-02T13:45:00,2024-07-02T09:45:00,2024-07-02T17:00:00,2024-07-02T13:00:00,DUQ,1804
2024-07-02T09:45:00,2024-07-02T05:45:00,2024-07-02T17:00:00,2024-07-02T13:00:00,DUQ,1804
2024-07-02T15:45:00,2024-07-02T11:45:00,2024-07-02T17:00:00,2024-07-02T13:00:00,EKPC,1852
2024-07-02T13:45:00,2024-07-02T09:45:00,2024-07-02T17:00:00,2024-07-02T13:00:00,EKPC,1852
2024-07-02T09:45:00,2024-07-02T05:45:00,2024-07-02T17:00:00,2024-07-02T13:00:00,EKPC,1852
2024-07-02T15:45:00,2024-07-02T11:45:00,2024-07-02T17:00:00,2024-07-02T13:00:00,ATSI,8905
2024-07-02T13:45:00,2024-07-02T09:45:00,2024-07-02T17:00:00,2024-07-02T13:00:00,ATSI,9073
2024-07-02T09:45:00,2024-07-02T05:45:00,2024-07-02T17:00:00,2024-07-02T13:00:00,ATSI,9073
2024-07-02T15:45:00,2024-07-02T11:45:00,2024-07-02T17:00:00,2024-07-02T13:00:00,MIDATL,36149
2024-07-02T13:45:00,2024-07-02T09:45:00,2024-07-02T17:00:00,2024-07-02T13:00:00,MIDATL,36149
2024-07-02T09:45:00,2024-07-02T05:45:00,2024-07-02T17:00:00,2024-07-02T13:00:00,MIDATL,36149
2024-07-02T15:45:00,2024-07-02T11:45:00,2024-07-02T17:00:00,2024-07-02T13:00:00,RTO,106350
2024-07-02T13:45:00,2024-07-02T09:45:00,2024-07-02T17:00:00,2024-07-02T13:00:00,RTO,107577
2024-07-02T09:45:00,2024-07-02T05:45:00,2024-07-02T17:00:00,2024-07-02T13:00:00,RTO,107633
2024-07-01T09:45:00,2024-07-01T05:45:00,2024-07-02T18:00:00,2024-07-02T14:00:00,AEP,17864
2024-07-01T13:45:00,2024-07-01T09:45:00,2024-07-02T18:00:00,2024-07-02T14:00:00,AEP,17852
2024-07-01T15:45:00,2024-07-01T11:45:00,2024-07-02T18:00:00,2024-07-02T14:00:00,AEP,17852
2024-07-01T21:45:00,2024-07-01T17:45:00,2024-07-02T18:00:00,2024-07-02T14:00:00,AEP,17852
2024-07-02T03:45:00,2024-07-01T23:45:00,2024-07-02T18:00:00,2024-07-02T14:00:00,AEP,17852
2024-07-01T09:45:00,2024-07-01T05:45:00,2024-07-02T18:00:00,2024-07-02T14:00:00,APS,6528
2024-07-01T13:45:00,2024-07-01T09:45:00,2024-07-02T18:00:00,2024-07-02T14:00:00,APS,6595
2024-07-01T15:45:00,2024-07-01T11:45:00,2024-07-02T18:00:00,2024-07-02T14:00:00,APS,6595
2024-07-01T21:45:00,2024-07-01T17:45:00,2024-07-02T18:00:00,2024-07-02T14:00:00,APS,6595
2024-07-02T03:45:00,2024-07-01T23:45:00,2024-07-02T18:00:00,2024-07-02T14:00:00,APS,6595
